"../../../Engine/Plugins/2D/Paper2D/Content/PlaceholderTextures/DummySpriteTexture.ubulk" 0
"../../../Engine/Plugins/2D/Paper2D/Content/PlaceholderTextures/DummySpriteTexture.uasset" 1
"../../../Engine/Plugins/2D/Paper2D/Content/PlaceholderTextures/DummySpriteTexture.uexp" 2
"../../../Engine/Plugins/2D/Paper2D/Content/DummySprite.uasset" 3
"../../../Engine/Plugins/2D/Paper2D/Content/DummySprite.uexp" 4
"../../../Engine/Plugins/2D/Paper2D/Content/DefaultPaperTerrainMaterial.uasset" 5
"../../../Engine/Plugins/2D/Paper2D/Content/DefaultPaperTerrainMaterial.uexp" 6
"../../../Engine/Plugins/Animation/ACLPlugin/Content/ACLAnimBoneCompressionSettings.uasset" 7
"../../../Engine/Plugins/Animation/ACLPlugin/Content/ACLAnimBoneCompressionSettings.uexp" 8
"../../../Engine/Content/EngineFonts/Faces/DroidSansFallback.uexp" 9
"../../../Engine/Content/EngineFonts/Faces/DroidSansFallback.uasset" 10
"../../../Engine/Content/EngineFonts/Faces/DroidSansFallback.ufont" 11
"../../../Engine/Content/EngineFonts/Faces/RobotoBold.uexp" 12
"../../../Engine/Content/EngineFonts/Faces/RobotoBold.uasset" 13
"../../../Engine/Content/EngineFonts/Faces/RobotoBold.ufont" 14
"../../../Engine/Content/EngineFonts/Faces/RobotoBoldItalic.uexp" 15
"../../../Engine/Content/EngineFonts/Faces/RobotoBoldItalic.uasset" 16
"../../../Engine/Content/EngineFonts/Faces/RobotoBoldItalic.ufont" 17
"../../../Engine/Content/EngineFonts/Faces/RobotoItalic.uexp" 18
"../../../Engine/Content/EngineFonts/Faces/RobotoItalic.uasset" 19
"../../../Engine/Content/EngineFonts/Faces/RobotoItalic.ufont" 20
"../../../Engine/Content/EngineFonts/Faces/RobotoLight.uexp" 21
"../../../Engine/Content/EngineFonts/Faces/RobotoLight.uasset" 22
"../../../Engine/Content/EngineFonts/Faces/RobotoLight.ufont" 23
"../../../Engine/Content/EngineFonts/Faces/RobotoRegular.uexp" 24
"../../../Engine/Content/EngineFonts/Faces/RobotoRegular.uasset" 25
"../../../Engine/Content/EngineFonts/Faces/RobotoRegular.ufont" 26
"../../../Engine/Content/EngineFonts/Roboto.uasset" 27
"../../../Engine/Content/EngineFonts/Roboto.uexp" 28
"../../../Engine/Content/EngineMaterials/DefaultDestructiblePhysicalMaterial.uasset" 29
"../../../Engine/Content/EngineMaterials/DefaultDestructiblePhysicalMaterial.uexp" 30
"../../../Engine/Content/EngineMaterials/DefaultPhysicalMaterial.uasset" 31
"../../../Engine/Content/EngineMaterials/DefaultPhysicalMaterial.uexp" 32
"../../../Engine/Content/EngineResources/WhiteSquareTexture.uasset" 33
"../../../Engine/Content/EngineResources/WhiteSquareTexture.uexp" 34
"../../../Engine/Content/EngineMaterials/Widget3DPassThrough.uasset" 35
"../../../Engine/Content/EngineMaterials/Widget3DPassThrough.uexp" 36
"../../../Engine/Content/EngineMaterials/Widget3DPassThrough_Opaque.uasset" 37
"../../../Engine/Content/EngineMaterials/Widget3DPassThrough_Opaque.uexp" 38
"../../../Engine/Content/EngineMaterials/Widget3DPassThrough_Opaque_OneSided.uasset" 39
"../../../Engine/Content/EngineMaterials/Widget3DPassThrough_Opaque_OneSided.uexp" 40
"../../../Engine/Content/EngineSounds/Master.uasset" 41
"../../../Engine/Content/EngineSounds/Master.uexp" 42
"../../../Engine/Content/EngineMaterials/Widget3DPassThrough_Translucent.uasset" 43
"../../../Engine/Content/EngineMaterials/Widget3DPassThrough_Translucent.uexp" 44
"../../../Engine/Content/EngineMaterials/Widget3DPassThrough_Translucent_OneSided.uasset" 45
"../../../Engine/Content/EngineMaterials/Widget3DPassThrough_Translucent_OneSided.uexp" 46
"../../../Engine/Content/EngineMeshes/Sphere.ubulk" 47
"../../../Engine/Content/EngineMeshes/Sphere.uasset" 48
"../../../Engine/Content/EngineMeshes/Sphere.uexp" 49
"../../../Engine/Content/EngineMaterials/T_Default_Material_Grid_M.ubulk" 50
"../../../Engine/Content/EngineMaterials/T_Default_Material_Grid_M.uasset" 51
"../../../Engine/Content/EngineMaterials/T_Default_Material_Grid_M.uexp" 52
"../../../Engine/Content/EngineMaterials/T_Default_Material_Grid_N.ubulk" 53
"../../../Engine/Content/EngineMaterials/T_Default_Material_Grid_N.uasset" 54
"../../../Engine/Content/EngineMaterials/T_Default_Material_Grid_N.uexp" 55
"../../../Engine/Content/Functions/Engine_MaterialFunctions01/Opacity/CameraDepthFade.uasset" 56
"../../../Engine/Content/Functions/Engine_MaterialFunctions01/Opacity/CameraDepthFade.uexp" 57
"../../../Engine/Content/EngineMaterials/WorldGridMaterial.uasset" 58
"../../../Engine/Content/EngineMaterials/WorldGridMaterial.uexp" 59
"../../../Engine/Plugins/Media/MediaPlate/Content/SM_MediaPlateScreen.ubulk" 60
"../../../Engine/Plugins/Media/MediaPlate/Content/SM_MediaPlateScreen.uasset" 61
"../../../Engine/Plugins/Media/MediaPlate/Content/SM_MediaPlateScreen.uexp" 62
"../../../Engine/Plugins/NNE/NNEDenoiser/Content/NNEDIM_ColorAlbedoNormal_Alpha.uasset" 63
"../../../Engine/Plugins/NNE/NNEDenoiser/Content/NNEDIM_ColorAlbedoNormal_Alpha.uexp" 64
"../../../Engine/Plugins/NNE/NNEDenoiser/Content/NNEDIM_ColorAlbedoNormal_Default.uasset" 65
"../../../Engine/Plugins/NNE/NNEDenoiser/Content/NNEDIM_ColorAlbedoNormal_Default.uexp" 66
"../../../Engine/Plugins/NNE/NNEDenoiser/Content/NNEDIM_HighQuality_Alpha.uasset" 67
"../../../Engine/Plugins/NNE/NNEDenoiser/Content/NNEDIM_HighQuality_Alpha.uexp" 68
"../../../Engine/Plugins/NNE/NNEDenoiser/Content/NNEDIM_HighQuality_Default.uasset" 69
"../../../Engine/Plugins/NNE/NNEDenoiser/Content/NNEDIM_HighQuality_Default.uexp" 70
"../../../Engine/Plugins/NNE/NNEDenoiser/Content/NNEDOM_Output_Alpha.uasset" 71
"../../../Engine/Plugins/NNE/NNEDenoiser/Content/NNEDOM_Output_Alpha.uexp" 72
"../../../Engine/Plugins/NNE/NNEDenoiser/Content/NNEDOM_Output_Default.uasset" 73
"../../../Engine/Plugins/NNE/NNEDenoiser/Content/NNEDOM_Output_Default.uexp" 74
"../../../Engine/Plugins/NNE/NNEDenoiser/Content/NNEDTIM_ColorAlbedoNormal_Alpha.uasset" 75
"../../../Engine/Plugins/NNE/NNEDenoiser/Content/NNEDTIM_ColorAlbedoNormal_Alpha.uexp" 76
"../../../Engine/Plugins/NNE/NNEDenoiser/Content/NNEDTIM_ColorAlbedoNormal_Default.uasset" 77
"../../../Engine/Plugins/NNE/NNEDenoiser/Content/NNEDTIM_ColorAlbedoNormal_Default.uexp" 78
"../../../Engine/Plugins/NNE/NNEDenoiser/Content/NNEDTOM_Output_Alpha.uasset" 79
"../../../Engine/Plugins/NNE/NNEDenoiser/Content/NNEDTOM_Output_Alpha.uexp" 80
"../../../Engine/Plugins/NNE/NNEDenoiser/Content/NNEDTOM_Output_Default.uasset" 81
"../../../Engine/Plugins/NNE/NNEDenoiser/Content/NNEDTOM_Output_Default.uexp" 82
"../../../Engine/Plugins/NNE/NNEDenoiser/Content/NNEDT_Oidn2-3_Balanced.uasset" 83
"../../../Engine/Plugins/NNE/NNEDenoiser/Content/NNEDT_Oidn2-3_Balanced.uexp" 84
"../../../Engine/Plugins/NNE/NNEDenoiser/Content/NNEDT_Oidn2-3_Balanced_Alpha.uasset" 85
"../../../Engine/Plugins/NNE/NNEDenoiser/Content/NNEDT_Oidn2-3_Balanced_Alpha.uexp" 86
"../../../Engine/Plugins/NNE/NNEDenoiser/Content/NNED_Oidn2-3_Balanced.uasset" 87
"../../../Engine/Plugins/NNE/NNEDenoiser/Content/NNED_Oidn2-3_Balanced.uexp" 88
"../../../Engine/Plugins/NNE/NNEDenoiser/Content/NNED_Oidn2-3_Balanced_Alpha.uasset" 89
"../../../Engine/Plugins/NNE/NNEDenoiser/Content/NNED_Oidn2-3_Balanced_Alpha.uexp" 90
"../../../Engine/Plugins/NNE/NNEDenoiser/Content/NNED_Oidn2-3_Fast.uasset" 91
"../../../Engine/Plugins/NNE/NNEDenoiser/Content/NNED_Oidn2-3_Fast.uexp" 92
"../../../Engine/Plugins/NNE/NNEDenoiser/Content/NNED_Oidn2-3_Fast_Alpha.uasset" 93
"../../../Engine/Plugins/NNE/NNEDenoiser/Content/NNED_Oidn2-3_Fast_Alpha.uexp" 94
"../../../Engine/Plugins/NNE/NNEDenoiser/Content/NNED_Oidn2-3_HighQuality.uasset" 95
"../../../Engine/Plugins/NNE/NNEDenoiser/Content/NNED_Oidn2-3_HighQuality.uexp" 96
"../../../Engine/Plugins/NNE/NNEDenoiser/Content/NNED_Oidn2-3_HighQuality_Alpha.uasset" 97
"../../../Engine/Plugins/NNE/NNEDenoiser/Content/NNED_Oidn2-3_HighQuality_Alpha.uexp" 98
"../../../Engine/Plugins/NNE/NNEDenoiser/Content/NNE_oidn2-3-0_rt_hdr_alb_nrm_small__dyn__fp16_opset11_DenoiseAlpha.uasset" 99
"../../../Engine/Plugins/NNE/NNEDenoiser/Content/NNE_oidn2-3-0_rt_hdr_alb_nrm_small__dyn__fp16_opset11_DenoiseAlpha.uexp" 100
"../../../Engine/Plugins/NNE/NNEDenoiser/Content/NNE_oidn2-3-0_rt_hdr_alb_nrm_small__dyn__fp16_opset11_ForwardAlpha.uasset" 101
"../../../Engine/Plugins/NNE/NNEDenoiser/Content/NNE_oidn2-3-0_rt_hdr_alb_nrm_small__dyn__fp16_opset11_ForwardAlpha.uexp" 102
"../../../Engine/Plugins/NNE/NNEDenoiser/Content/NNE_oidn2-3-0_rt_hdr_alb_nrm__dyn__fp16_opset11_DenoiseAlpha.uasset" 103
"../../../Engine/Plugins/NNE/NNEDenoiser/Content/NNE_oidn2-3-0_rt_hdr_alb_nrm__dyn__fp16_opset11_DenoiseAlpha.uexp" 104
"../../../Engine/Plugins/NNE/NNEDenoiser/Content/NNE_oidn2-3-0_rt_hdr_alb_nrm__dyn__fp16_opset11_ForwardAlpha.uasset" 105
"../../../Engine/Plugins/NNE/NNEDenoiser/Content/NNE_oidn2-3-0_rt_hdr_alb_nrm__dyn__fp16_opset11_ForwardAlpha.uexp" 106
"../../../Engine/Plugins/NNE/NNEDenoiser/Content/NNE_oidn2-3-0_rt_hdr_calb_cnrm_large__dyn__fp16_opset11_DenoiseAlpha.uasset" 107
"../../../Engine/Plugins/NNE/NNEDenoiser/Content/NNE_oidn2-3-0_rt_hdr_calb_cnrm_large__dyn__fp16_opset11_DenoiseAlpha.uexp" 108
"../../../Engine/Plugins/NNE/NNEDenoiser/Content/NNE_oidn2-3-0_rt_hdr_calb_cnrm_large__dyn__fp16_opset11_ForwardAlpha.uasset" 109
"../../../Engine/Plugins/NNE/NNEDenoiser/Content/NNE_oidn2-3-0_rt_hdr_calb_cnrm_large__dyn__fp16_opset11_ForwardAlpha.uexp" 110
"../../../Engine/Content/EngineResources/Black.uasset" 111
"../../../Engine/Content/EngineResources/Black.uexp" 112
"../../../Engine/Content/Functions/Engine_MaterialFunctions02/Utility/CameraDirectionVector.uasset" 113
"../../../Engine/Content/Functions/Engine_MaterialFunctions02/Utility/CameraDirectionVector.uexp" 114
"../../../Engine/Content/Functions/Engine_MaterialFunctions02/Utility/VectorLength.uasset" 115
"../../../Engine/Content/Functions/Engine_MaterialFunctions02/Utility/VectorLength.uexp" 116
"../../../Engine/Plugins/Experimental/MeshModelingToolsetExp/Content/Materials/GetDisplacementVectorForDepthBias.uasset" 117
"../../../Engine/Plugins/Experimental/MeshModelingToolsetExp/Content/Materials/GetDisplacementVectorForDepthBias.uexp" 118
"../../../Engine/Content/Functions/Engine_MaterialFunctions03/Viewport/MF_OrthoWidth.uasset" 119
"../../../Engine/Content/Functions/Engine_MaterialFunctions03/Viewport/MF_OrthoWidth.uexp" 120
"../../../Engine/Content/Functions/Engine_MaterialFunctions02/Utility/FOV.uasset" 121
"../../../Engine/Content/Functions/Engine_MaterialFunctions02/Utility/FOV.uexp" 122
"../../../Engine/Content/Functions/Engine_MaterialFunctions02/WorldPositionOffset/V2/ObjectScale.uasset" 123
"../../../Engine/Content/Functions/Engine_MaterialFunctions02/WorldPositionOffset/V2/ObjectScale.uexp" 124
"../../../Engine/Plugins/Experimental/MeshModelingToolsetExp/Content/Materials/PointSetOverlaidComponentMaterial.uasset" 125
"../../../Engine/Plugins/Experimental/MeshModelingToolsetExp/Content/Materials/PointSetOverlaidComponentMaterial.uexp" 126
"../../../Engine/Content/EngineResources/DefaultTexture.ubulk" 127
"../../../Engine/Content/EngineResources/DefaultTexture.uasset" 128
"../../../Engine/Content/EngineResources/DefaultTexture.uexp" 129
"../../../Engine/Content/EditorLandscapeResources/DefaultAlphaTexture.uasset" 130
"../../../Engine/Content/EditorLandscapeResources/DefaultAlphaTexture.uexp" 131
"../../../Engine/Content/EditorLandscapeResources/ColorMaskBrushMaterial.uasset" 132
"../../../Engine/Content/EditorLandscapeResources/ColorMaskBrushMaterial.uexp" 133
"../../../Engine/Content/EditorLandscapeResources/ColorMaskBrushMaterial_MaskedRegion.uasset" 134
"../../../Engine/Content/EditorLandscapeResources/ColorMaskBrushMaterial_MaskedRegion.uexp" 135
"../../../Engine/Content/EngineResources/DefaultTextureCube.uasset" 136
"../../../Engine/Content/EngineResources/DefaultTextureCube.uexp" 137
"../../../Engine/Content/EngineMaterials/DefaultMaterial.uasset" 138
"../../../Engine/Content/EngineMaterials/DefaultMaterial.uexp" 139
"../../../Engine/Content/BasicShapes/Cone.ubulk" 140
"../../../Engine/Content/BasicShapes/Cone.uasset" 141
"../../../Engine/Content/BasicShapes/Cone.uexp" 142
"../../../Engine/Content/BasicShapes/Cylinder.ubulk" 143
"../../../Engine/Content/BasicShapes/Cylinder.uasset" 144
"../../../Engine/Content/BasicShapes/Cylinder.uexp" 145
"../../../Engine/Content/EngineResources/GradientTexture0.uasset" 146
"../../../Engine/Content/EngineResources/GradientTexture0.uexp" 147
"../../../Engine/Content/BasicShapes/Plane.ubulk" 148
"../../../Engine/Content/BasicShapes/Plane.uasset" 149
"../../../Engine/Content/BasicShapes/Plane.uexp" 150
"../../../Engine/Content/BasicShapes/Sphere.ubulk" 151
"../../../Engine/Content/BasicShapes/Sphere.uasset" 152
"../../../Engine/Content/BasicShapes/Sphere.uexp" 153
"../../../Engine/Content/EngineResources/LandscapeVisibilityLayerInfo.uasset" 154
"../../../Engine/Content/EngineResources/LandscapeVisibilityLayerInfo.uexp" 155
"../../../Engine/Content/EditorLandscapeResources/LandscapeDirtyMaterial.uasset" 156
"../../../Engine/Content/EditorLandscapeResources/LandscapeDirtyMaterial.uexp" 157
"../../../Engine/Content/EngineMaterials/DefaultBloomKernel.uasset" 158
"../../../Engine/Content/EngineMaterials/DefaultBloomKernel.uexp" 159
"../../../Engine/Content/EngineMaterials/DefaultBokeh.uasset" 160
"../../../Engine/Content/EngineMaterials/DefaultBokeh.uexp" 161
"../../../Engine/Content/EngineMaterials/DefaultDiffuse.ubulk" 162
"../../../Engine/Content/EngineMaterials/DefaultDiffuse.uasset" 163
"../../../Engine/Content/EngineMaterials/DefaultDiffuse.uexp" 164
"../../../Engine/Content/EngineMaterials/DefaultDeferredDecalMaterial.uasset" 165
"../../../Engine/Content/EngineMaterials/DefaultDeferredDecalMaterial.uexp" 166
"../../../Engine/Content/Functions/Engine_MaterialFunctions01/Texturing/TextureCropping.uasset" 167
"../../../Engine/Content/Functions/Engine_MaterialFunctions01/Texturing/TextureCropping.uexp" 168
"../../../Engine/Content/Functions/Engine_MaterialFunctions02/ExampleContent/DebugNumberStrip.uasset" 169
"../../../Engine/Content/Functions/Engine_MaterialFunctions02/ExampleContent/DebugNumberStrip.uexp" 170
"../../../Engine/Content/Functions/Engine_MaterialFunctions01/Debug/DebugIntValues.uasset" 171
"../../../Engine/Content/Functions/Engine_MaterialFunctions01/Debug/DebugIntValues.uexp" 172
"../../../Engine/Content/Functions/Engine_MaterialFunctions02/Utility/BreakOutFloat2Components.uasset" 173
"../../../Engine/Content/Functions/Engine_MaterialFunctions02/Utility/BreakOutFloat2Components.uexp" 174
"../../../Engine/Content/Functions/Engine_MaterialFunctions01/Texturing/ScaleUVsByCenter.uasset" 175
"../../../Engine/Content/Functions/Engine_MaterialFunctions01/Texturing/ScaleUVsByCenter.uexp" 176
"../../../Engine/Content/Functions/Engine_MaterialFunctions02/WorldPositionOffset/LocalPosition.uasset" 177
"../../../Engine/Content/Functions/Engine_MaterialFunctions02/WorldPositionOffset/LocalPosition.uexp" 178
"../../../Engine/Content/EditorLandscapeResources/LandscapeLayerUsageMaterial.uasset" 179
"../../../Engine/Content/EditorLandscapeResources/LandscapeLayerUsageMaterial.uexp" 180
"../../../Engine/Content/Functions/Engine_MaterialFunctions02/Utility/MakeFloat3.uasset" 181
"../../../Engine/Content/Functions/Engine_MaterialFunctions02/Utility/MakeFloat3.uexp" 182
"../../../Engine/Content/Functions/Engine_MaterialFunctions02/SplitComponents.uasset" 183
"../../../Engine/Content/Functions/Engine_MaterialFunctions02/SplitComponents.uexp" 184
"../../../Engine/Content/Functions/Engine_MaterialFunctions02/Utility/BreakOutFloat3Components.uasset" 185
"../../../Engine/Content/Functions/Engine_MaterialFunctions02/Utility/BreakOutFloat3Components.uexp" 186
"../../../Engine/Content/Functions/Engine_MaterialFunctions02/Math/Transform3x3Matrix.uasset" 187
"../../../Engine/Content/Functions/Engine_MaterialFunctions02/Math/Transform3x3Matrix.uexp" 188
"../../../Engine/Content/VREditor/SnapGrid/SnapGridMaterial.uasset" 189
"../../../Engine/Content/VREditor/SnapGrid/SnapGridMaterial.uexp" 190
"../../../Engine/Content/VREditor/SnapGrid/SnapGridPlaneMesh.ubulk" 191
"../../../Engine/Content/VREditor/SnapGrid/SnapGridPlaneMesh.uasset" 192
"../../../Engine/Content/VREditor/SnapGrid/SnapGridPlaneMesh.uexp" 193
"../../../Engine/Content/VREditor/LaserPointer/VR_LaserPower_01.ubulk" 194
"../../../Engine/Content/VREditor/LaserPointer/VR_LaserPower_01.uasset" 195
"../../../Engine/Content/VREditor/LaserPointer/VR_LaserPower_01.uexp" 196
"../../../Engine/Content/VREditor/TransformGizmo/TransformGizmoMaterial.uasset" 197
"../../../Engine/Content/VREditor/TransformGizmo/TransformGizmoMaterial.uexp" 198
"../../../Engine/Content/VREditor/TransformGizmo/TranslucentTransformGizmoMaterial.uasset" 199
"../../../Engine/Content/VREditor/TransformGizmo/TranslucentTransformGizmoMaterial.uexp" 200
"../../../Engine/Content/VREditor/TransformGizmo/PlaneTranslationHandle.ubulk" 201
"../../../Engine/Content/VREditor/TransformGizmo/PlaneTranslationHandle.uasset" 202
"../../../Engine/Content/VREditor/TransformGizmo/PlaneTranslationHandle.uexp" 203
"../../../Engine/Content/VREditor/TransformGizmo/RotationHandleFull.ubulk" 204
"../../../Engine/Content/VREditor/TransformGizmo/RotationHandleFull.uasset" 205
"../../../Engine/Content/VREditor/TransformGizmo/RotationHandleFull.uexp" 206
"../../../Engine/Content/VREditor/TransformGizmo/RotationHandleIndicator.ubulk" 207
"../../../Engine/Content/VREditor/TransformGizmo/RotationHandleIndicator.uasset" 208
"../../../Engine/Content/VREditor/TransformGizmo/RotationHandleIndicator.uexp" 209
"../../../Engine/Content/VREditor/TransformGizmo/RotationHandleQuarter.ubulk" 210
"../../../Engine/Content/VREditor/TransformGizmo/RotationHandleQuarter.uasset" 211
"../../../Engine/Content/VREditor/TransformGizmo/RotationHandleQuarter.uexp" 212
"../../../Engine/Content/VREditor/TransformGizmo/StartRotationHandleIndicator.ubulk" 213
"../../../Engine/Content/VREditor/TransformGizmo/StartRotationHandleIndicator.uasset" 214
"../../../Engine/Content/VREditor/TransformGizmo/StartRotationHandleIndicator.uexp" 215
"../../../Engine/Content/VREditor/TransformGizmo/TranslucentTransformGizmoMaterial_Inst.uasset" 216
"../../../Engine/Content/VREditor/TransformGizmo/TranslucentTransformGizmoMaterial_Inst.uexp" 217
"../../../Engine/Content/VREditor/TransformGizmo/TransformGizmoFreeRotation.ubulk" 218
"../../../Engine/Content/VREditor/TransformGizmo/TransformGizmoFreeRotation.uasset" 219
"../../../Engine/Content/VREditor/TransformGizmo/TransformGizmoFreeRotation.uexp" 220
"../../../Engine/Content/VREditor/TransformGizmo/TransformGizmoMaterial_Inst.uasset" 221
"../../../Engine/Content/VREditor/TransformGizmo/TransformGizmoMaterial_Inst.uexp" 222
"../../../Engine/Content/VREditor/TransformGizmo/TranslateArrowHandle.ubulk" 223
"../../../Engine/Content/VREditor/TransformGizmo/TranslateArrowHandle.uasset" 224
"../../../Engine/Content/VREditor/TransformGizmo/TranslateArrowHandle.uexp" 225
"../../../Engine/Content/VREditor/TransformGizmo/UniformScaleHandle.ubulk" 226
"../../../Engine/Content/VREditor/TransformGizmo/UniformScaleHandle.uasset" 227
"../../../Engine/Content/VREditor/TransformGizmo/UniformScaleHandle.uexp" 228
"../../../Engine/Content/VREditor/Sounds/UI/Drop_Item_From_ContentBrowser.ubulk" 229
"../../../Engine/Content/VREditor/Sounds/UI/Drop_Item_From_ContentBrowser.uasset" 230
"../../../Engine/Content/VREditor/Sounds/UI/Drop_Item_From_ContentBrowser.uexp" 231
"../../../Engine/Content/VREditor/Sounds/UI/Gizmo_Handle_Clicked.ubulk" 232
"../../../Engine/Content/VREditor/Sounds/UI/Gizmo_Handle_Clicked.uasset" 233
"../../../Engine/Content/VREditor/Sounds/UI/Gizmo_Handle_Clicked.uexp" 234
"../../../Engine/Content/VREditor/Sounds/UI/Object_PickUp.ubulk" 235
"../../../Engine/Content/VREditor/Sounds/UI/Object_PickUp.uasset" 236
"../../../Engine/Content/VREditor/Sounds/UI/Object_PickUp.uexp" 237
"../../../Engine/Content/VREditor/Sounds/UI/Object_Snaps_To_Another_Actor.ubulk" 238
"../../../Engine/Content/VREditor/Sounds/UI/Object_Snaps_To_Another_Actor.uasset" 239
"../../../Engine/Content/VREditor/Sounds/UI/Object_Snaps_To_Another_Actor.uexp" 240
"../../../Engine/Content/VREditor/Sounds/UI/Object_Snaps_To_Grid.ubulk" 241
"../../../Engine/Content/VREditor/Sounds/UI/Object_Snaps_To_Grid.uasset" 242
"../../../Engine/Content/VREditor/Sounds/UI/Object_Snaps_To_Grid.uexp" 243
"../../../Engine/Content/VREditor/Sounds/UI/Scaling_Down.ubulk" 244
"../../../Engine/Content/VREditor/Sounds/UI/Scaling_Down.uasset" 245
"../../../Engine/Content/VREditor/Sounds/UI/Scaling_Down.uexp" 246
"../../../Engine/Content/VREditor/Sounds/UI/Scaling_Up.ubulk" 247
"../../../Engine/Content/VREditor/Sounds/UI/Scaling_Up.uasset" 248
"../../../Engine/Content/VREditor/Sounds/UI/Scaling_Up.uexp" 249
"../../../Engine/Content/VREditor/Sounds/UI/Selection_Changes.ubulk" 250
"../../../Engine/Content/VREditor/Sounds/UI/Selection_Changes.uasset" 251
"../../../Engine/Content/VREditor/Sounds/UI/Selection_Changes.uexp" 252
"../../../Engine/Content/EngineMaterials/DefaultLightFunctionMaterial.uasset" 253
"../../../Engine/Content/EngineMaterials/DefaultLightFunctionMaterial.uexp" 254
"../../../Engine/Content/EditorResources/BSPVertex.uasset" 255
"../../../Engine/Content/EditorResources/BSPVertex.uexp" 256
"../../../Engine/Plugins/Animation/ControlRig/Content/Controls/ControlRigGizmoMaterial.uasset" 257
"../../../Engine/Plugins/Animation/ControlRig/Content/Controls/ControlRigGizmoMaterial.uexp" 258
"../../../Engine/Content/EngineMaterials/DefaultPostProcessMaterial.uasset" 259
"../../../Engine/Content/EngineMaterials/DefaultPostProcessMaterial.uexp" 260
"../../../Engine/Plugins/Animation/ControlRig/Content/Controls/ControlRigXRayMaterial.uasset" 261
"../../../Engine/Plugins/Animation/ControlRig/Content/Controls/ControlRigXRayMaterial.uexp" 262
"../../../Engine/Content/EngineFonts/RobotoDistanceField.uasset" 263
"../../../Engine/Content/EngineFonts/RobotoDistanceField.uexp" 264
"../../../Engine/Content/EngineMaterials/DefaultTextMaterialOpaque.uasset" 265
"../../../Engine/Content/EngineMaterials/DefaultTextMaterialOpaque.uexp" 266
"../../../Engine/Content/EditorLandscapeResources/WhiteSquareTexture.uasset" 267
"../../../Engine/Content/EditorLandscapeResources/WhiteSquareTexture.uexp" 268
"../../../Engine/Content/EditorLandscapeResources/LayerVisMaterial.uasset" 269
"../../../Engine/Content/EditorLandscapeResources/LayerVisMaterial.uexp" 270
"../../../Engine/Plugins/Animation/ControlRig/Content/Controls/ControlRig_Arrow2_1mm.ubulk" 271
"../../../Engine/Plugins/Animation/ControlRig/Content/Controls/ControlRig_Arrow2_1mm.uasset" 272
"../../../Engine/Plugins/Animation/ControlRig/Content/Controls/ControlRig_Arrow2_1mm.uexp" 273
"../../../Engine/Content/EngineMaterials/DefaultWhiteGrid.ubulk" 274
"../../../Engine/Content/EngineMaterials/DefaultWhiteGrid.uasset" 275
"../../../Engine/Content/EngineMaterials/DefaultWhiteGrid.uexp" 276
"../../../Engine/Plugins/Animation/ControlRig/Content/Controls/ControlRig_Arrow2_3mm.ubulk" 277
"../../../Engine/Plugins/Animation/ControlRig/Content/Controls/ControlRig_Arrow2_3mm.uasset" 278
"../../../Engine/Plugins/Animation/ControlRig/Content/Controls/ControlRig_Arrow2_3mm.uexp" 279
"../../../Engine/Plugins/Animation/ControlRig/Content/Controls/ControlRig_Arrow2_solid.ubulk" 280
"../../../Engine/Plugins/Animation/ControlRig/Content/Controls/ControlRig_Arrow2_solid.uasset" 281
"../../../Engine/Plugins/Animation/ControlRig/Content/Controls/ControlRig_Arrow2_solid.uexp" 282
"../../../Engine/Content/EngineMaterials/DefaultWhiteGrid_Low.uasset" 283
"../../../Engine/Content/EngineMaterials/DefaultWhiteGrid_Low.uexp" 284
"../../../Engine/Content/EngineMaterials/EmissiveMeshMaterial.uasset" 285
"../../../Engine/Content/EngineMaterials/EmissiveMeshMaterial.uexp" 286
"../../../Engine/Plugins/Animation/ControlRig/Content/Controls/ControlRig_Arrow4_1mm.ubulk" 287
"../../../Engine/Plugins/Animation/ControlRig/Content/Controls/ControlRig_Arrow4_1mm.uasset" 288
"../../../Engine/Plugins/Animation/ControlRig/Content/Controls/ControlRig_Arrow4_1mm.uexp" 289
"../../../Engine/Plugins/Animation/ControlRig/Content/Controls/ControlRig_Arrow4_3mm.ubulk" 290
"../../../Engine/Plugins/Animation/ControlRig/Content/Controls/ControlRig_Arrow4_3mm.uasset" 291
"../../../Engine/Plugins/Animation/ControlRig/Content/Controls/ControlRig_Arrow4_3mm.uexp" 292
"../../../Engine/Plugins/Animation/ControlRig/Content/Controls/ControlRig_Arrow4_solid.ubulk" 293
"../../../Engine/Plugins/Animation/ControlRig/Content/Controls/ControlRig_Arrow4_solid.uasset" 294
"../../../Engine/Plugins/Animation/ControlRig/Content/Controls/ControlRig_Arrow4_solid.uexp" 295
"../../../Engine/Content/Functions/Engine_MaterialFunctions03/Math/WithinRangeFloat2.uasset" 296
"../../../Engine/Content/Functions/Engine_MaterialFunctions03/Math/WithinRangeFloat2.uexp" 297
"../../../Engine/Content/EditorLandscapeResources/MaskBrushMaterial.uasset" 298
"../../../Engine/Content/EditorLandscapeResources/MaskBrushMaterial.uexp" 299
"../../../Engine/Content/EditorLandscapeResources/MaskBrushMaterial_MaskedRegion.uasset" 300
"../../../Engine/Content/EditorLandscapeResources/MaskBrushMaterial_MaskedRegion.uexp" 301
"../../../Engine/Plugins/Animation/ControlRig/Content/Controls/ControlRig_Arrow_1mm.ubulk" 302
"../../../Engine/Plugins/Animation/ControlRig/Content/Controls/ControlRig_Arrow_1mm.uasset" 303
"../../../Engine/Plugins/Animation/ControlRig/Content/Controls/ControlRig_Arrow_1mm.uexp" 304
"../../../Engine/Plugins/Animation/ControlRig/Content/Controls/ControlRig_Arrow_3mm.ubulk" 305
"../../../Engine/Plugins/Animation/ControlRig/Content/Controls/ControlRig_Arrow_3mm.uasset" 306
"../../../Engine/Plugins/Animation/ControlRig/Content/Controls/ControlRig_Arrow_3mm.uexp" 307
"../../../Engine/Content/EditorResources/S_Actor.ubulk" 308
"../../../Engine/Content/EditorResources/S_Actor.uasset" 309
"../../../Engine/Content/EditorResources/S_Actor.uexp" 310
"../../../Engine/Plugins/Animation/ControlRig/Content/Controls/ControlRig_Arrow_solid.ubulk" 311
"../../../Engine/Plugins/Animation/ControlRig/Content/Controls/ControlRig_Arrow_solid.uasset" 312
"../../../Engine/Plugins/Animation/ControlRig/Content/Controls/ControlRig_Arrow_solid.uexp" 313
"../../../Engine/Plugins/Animation/ControlRig/Content/Controls/ControlRig_Box_1mm.ubulk" 314
"../../../Engine/Plugins/Animation/ControlRig/Content/Controls/ControlRig_Box_1mm.uasset" 315
"../../../Engine/Plugins/Animation/ControlRig/Content/Controls/ControlRig_Box_1mm.uexp" 316
"../../../Engine/Content/EditorResources/S_BoxReflectionCapture.uasset" 317
"../../../Engine/Content/EditorResources/S_BoxReflectionCapture.uexp" 318
"../../../Engine/Content/EditorLandscapeResources/SelectBrushMaterial.uasset" 319
"../../../Engine/Content/EditorLandscapeResources/SelectBrushMaterial.uexp" 320
"../../../Engine/Content/EditorLandscapeResources/SelectBrushMaterial_Selected.uasset" 321
"../../../Engine/Content/EditorLandscapeResources/SelectBrushMaterial_Selected.uexp" 322
"../../../Engine/Plugins/Animation/ControlRig/Content/Controls/ControlRig_Box_3mm.ubulk" 323
"../../../Engine/Plugins/Animation/ControlRig/Content/Controls/ControlRig_Box_3mm.uasset" 324
"../../../Engine/Plugins/Animation/ControlRig/Content/Controls/ControlRig_Box_3mm.uexp" 325
"../../../Engine/Content/EditorLandscapeResources/SelectBrushMaterial_SelectedRegion.uasset" 326
"../../../Engine/Content/EditorLandscapeResources/SelectBrushMaterial_SelectedRegion.uexp" 327
"../../../Engine/Plugins/Animation/ControlRig/Content/Controls/ControlRig_Box_solid.ubulk" 328
"../../../Engine/Plugins/Animation/ControlRig/Content/Controls/ControlRig_Box_solid.uasset" 329
"../../../Engine/Plugins/Animation/ControlRig/Content/Controls/ControlRig_Box_solid.uexp" 330
"../../../Engine/Content/EditorLandscapeResources/SplineEditorMeshMat.uasset" 331
"../../../Engine/Content/EditorLandscapeResources/SplineEditorMeshMat.uexp" 332
"../../../Engine/Content/EditorLandscapeResources/SplineEditorMesh.ubulk" 333
"../../../Engine/Content/EditorLandscapeResources/SplineEditorMesh.uasset" 334
"../../../Engine/Content/EditorLandscapeResources/SplineEditorMesh.uexp" 335
"../../../Engine/Plugins/Animation/ControlRig/Content/Controls/ControlRig_Circle_1mm.ubulk" 336
"../../../Engine/Plugins/Animation/ControlRig/Content/Controls/ControlRig_Circle_1mm.uasset" 337
"../../../Engine/Plugins/Animation/ControlRig/Content/Controls/ControlRig_Circle_1mm.uexp" 338
"../../../Engine/Plugins/Animation/ControlRig/Content/Controls/ControlRig_Circle_3mm.ubulk" 339
"../../../Engine/Plugins/Animation/ControlRig/Content/Controls/ControlRig_Circle_3mm.uasset" 340
"../../../Engine/Plugins/Animation/ControlRig/Content/Controls/ControlRig_Circle_3mm.uexp" 341
"../../../Engine/Plugins/Animation/ControlRig/Content/Controls/ControlRig_Circle_solid.ubulk" 342
"../../../Engine/Plugins/Animation/ControlRig/Content/Controls/ControlRig_Circle_solid.uasset" 343
"../../../Engine/Plugins/Animation/ControlRig/Content/Controls/ControlRig_Circle_solid.uexp" 344
"../../../Engine/Plugins/Animation/ControlRig/Content/Controls/ControlRig_Diamond_1mm.ubulk" 345
"../../../Engine/Plugins/Animation/ControlRig/Content/Controls/ControlRig_Diamond_1mm.uasset" 346
"../../../Engine/Plugins/Animation/ControlRig/Content/Controls/ControlRig_Diamond_1mm.uexp" 347
"../../../Engine/Plugins/Animation/ControlRig/Content/Controls/ControlRig_Diamond_3mm.ubulk" 348
"../../../Engine/Plugins/Animation/ControlRig/Content/Controls/ControlRig_Diamond_3mm.uasset" 349
"../../../Engine/Plugins/Animation/ControlRig/Content/Controls/ControlRig_Diamond_3mm.uexp" 350
"../../../Engine/Plugins/Animation/ControlRig/Content/Controls/ControlRig_Diamond_solid.ubulk" 351
"../../../Engine/Plugins/Animation/ControlRig/Content/Controls/ControlRig_Diamond_solid.uasset" 352
"../../../Engine/Plugins/Animation/ControlRig/Content/Controls/ControlRig_Diamond_solid.uexp" 353
"../../../Engine/Plugins/Animation/ControlRig/Content/Controls/ControlRig_HalfCircle_1mm.ubulk" 354
"../../../Engine/Plugins/Animation/ControlRig/Content/Controls/ControlRig_HalfCircle_1mm.uasset" 355
"../../../Engine/Plugins/Animation/ControlRig/Content/Controls/ControlRig_HalfCircle_1mm.uexp" 356
"../../../Engine/Plugins/Animation/ControlRig/Content/Controls/ControlRig_HalfCircle_3mm.ubulk" 357
"../../../Engine/Plugins/Animation/ControlRig/Content/Controls/ControlRig_HalfCircle_3mm.uasset" 358
"../../../Engine/Plugins/Animation/ControlRig/Content/Controls/ControlRig_HalfCircle_3mm.uexp" 359
"../../../Engine/Plugins/Animation/ControlRig/Content/Controls/ControlRig_HalfCircle_solid.ubulk" 360
"../../../Engine/Plugins/Animation/ControlRig/Content/Controls/ControlRig_HalfCircle_solid.uasset" 361
"../../../Engine/Plugins/Animation/ControlRig/Content/Controls/ControlRig_HalfCircle_solid.uexp" 362
"../../../Engine/Plugins/Animation/ControlRig/Content/Controls/ControlRig_Hexagon_1mm.ubulk" 363
"../../../Engine/Plugins/Animation/ControlRig/Content/Controls/ControlRig_Hexagon_1mm.uasset" 364
"../../../Engine/Plugins/Animation/ControlRig/Content/Controls/ControlRig_Hexagon_1mm.uexp" 365
"../../../Engine/Plugins/Animation/ControlRig/Content/Controls/ControlRig_Hexagon_3mm.ubulk" 366
"../../../Engine/Plugins/Animation/ControlRig/Content/Controls/ControlRig_Hexagon_3mm.uasset" 367
"../../../Engine/Plugins/Animation/ControlRig/Content/Controls/ControlRig_Hexagon_3mm.uexp" 368
"../../../Engine/Plugins/Animation/ControlRig/Content/Controls/ControlRig_Hexagon_solid.ubulk" 369
"../../../Engine/Plugins/Animation/ControlRig/Content/Controls/ControlRig_Hexagon_solid.uasset" 370
"../../../Engine/Plugins/Animation/ControlRig/Content/Controls/ControlRig_Hexagon_solid.uexp" 371
"../../../Engine/Content/EditorResources/S_Solver.ubulk" 372
"../../../Engine/Content/EditorResources/S_Solver.uasset" 373
"../../../Engine/Content/EditorResources/S_Solver.uexp" 374
"../../../Engine/Plugins/Animation/ControlRig/Content/Controls/ControlRig_Octagon_1mm.ubulk" 375
"../../../Engine/Plugins/Animation/ControlRig/Content/Controls/ControlRig_Octagon_1mm.uasset" 376
"../../../Engine/Plugins/Animation/ControlRig/Content/Controls/ControlRig_Octagon_1mm.uexp" 377
"../../../Engine/Content/EditorResources/S_Terrain.ubulk" 378
"../../../Engine/Content/EditorResources/S_Terrain.uasset" 379
"../../../Engine/Content/EditorResources/S_Terrain.uexp" 380
"../../../Engine/Plugins/Animation/ControlRig/Content/Controls/ControlRig_Octagon_3mm.ubulk" 381
"../../../Engine/Plugins/Animation/ControlRig/Content/Controls/ControlRig_Octagon_3mm.uasset" 382
"../../../Engine/Plugins/Animation/ControlRig/Content/Controls/ControlRig_Octagon_3mm.uexp" 383
"../../../Engine/Plugins/Animation/ControlRig/Content/Controls/ControlRig_Octagon_solid.ubulk" 384
"../../../Engine/Plugins/Animation/ControlRig/Content/Controls/ControlRig_Octagon_solid.uasset" 385
"../../../Engine/Plugins/Animation/ControlRig/Content/Controls/ControlRig_Octagon_solid.uexp" 386
"../../../Engine/Plugins/Animation/ControlRig/Content/Controls/ControlRig_Pyramid_1mm.ubulk" 387
"../../../Engine/Plugins/Animation/ControlRig/Content/Controls/ControlRig_Pyramid_1mm.uasset" 388
"../../../Engine/Plugins/Animation/ControlRig/Content/Controls/ControlRig_Pyramid_1mm.uexp" 389
"../../../Engine/Content/EditorResources/S_Trigger.ubulk" 390
"../../../Engine/Content/EditorResources/S_Trigger.uasset" 391
"../../../Engine/Content/EditorResources/S_Trigger.uexp" 392
"../../../Engine/Content/EditorResources/S_TriggerBox.uasset" 393
"../../../Engine/Content/EditorResources/S_TriggerBox.uexp" 394
"../../../Engine/Plugins/Animation/ControlRig/Content/Controls/ControlRig_Pyramid_3mm.ubulk" 395
"../../../Engine/Plugins/Animation/ControlRig/Content/Controls/ControlRig_Pyramid_3mm.uasset" 396
"../../../Engine/Plugins/Animation/ControlRig/Content/Controls/ControlRig_Pyramid_3mm.uexp" 397
"../../../Engine/Content/EditorResources/S_TriggerCapsule.uasset" 398
"../../../Engine/Content/EditorResources/S_TriggerCapsule.uexp" 399
"../../../Engine/Content/EditorResources/S_TriggerSphere.uasset" 400
"../../../Engine/Content/EditorResources/S_TriggerSphere.uexp" 401
"../../../Engine/Plugins/Animation/ControlRig/Content/Controls/ControlRig_Pyramid_solid.ubulk" 402
"../../../Engine/Plugins/Animation/ControlRig/Content/Controls/ControlRig_Pyramid_solid.uasset" 403
"../../../Engine/Plugins/Animation/ControlRig/Content/Controls/ControlRig_Pyramid_solid.uexp" 404
"../../../Engine/Plugins/Animation/ControlRig/Content/Controls/ControlRig_QuarterCircle_1mm.ubulk" 405
"../../../Engine/Plugins/Animation/ControlRig/Content/Controls/ControlRig_QuarterCircle_1mm.uasset" 406
"../../../Engine/Plugins/Animation/ControlRig/Content/Controls/ControlRig_QuarterCircle_1mm.uexp" 407
"../../../Engine/Plugins/Animation/ControlRig/Content/Controls/ControlRig_QuarterCircle_3mm.ubulk" 408
"../../../Engine/Plugins/Animation/ControlRig/Content/Controls/ControlRig_QuarterCircle_3mm.uasset" 409
"../../../Engine/Plugins/Animation/ControlRig/Content/Controls/ControlRig_QuarterCircle_3mm.uexp" 410
"../../../Engine/Plugins/Animation/ControlRig/Content/Controls/ControlRig_QuarterCircle_solid.ubulk" 411
"../../../Engine/Plugins/Animation/ControlRig/Content/Controls/ControlRig_QuarterCircle_solid.uasset" 412
"../../../Engine/Plugins/Animation/ControlRig/Content/Controls/ControlRig_QuarterCircle_solid.uexp" 413
"../../../Engine/Plugins/Animation/ControlRig/Content/Controls/ControlRig_RoundedSquare_1mm.ubulk" 414
"../../../Engine/Plugins/Animation/ControlRig/Content/Controls/ControlRig_RoundedSquare_1mm.uasset" 415
"../../../Engine/Plugins/Animation/ControlRig/Content/Controls/ControlRig_RoundedSquare_1mm.uexp" 416
"../../../Engine/Plugins/Animation/ControlRig/Content/Controls/ControlRig_RoundedSquare_3mm.ubulk" 417
"../../../Engine/Plugins/Animation/ControlRig/Content/Controls/ControlRig_RoundedSquare_3mm.uasset" 418
"../../../Engine/Plugins/Animation/ControlRig/Content/Controls/ControlRig_RoundedSquare_3mm.uexp" 419
"../../../Engine/Plugins/Animation/ControlRig/Content/Controls/ControlRig_RoundedSquare_solid.ubulk" 420
"../../../Engine/Plugins/Animation/ControlRig/Content/Controls/ControlRig_RoundedSquare_solid.uasset" 421
"../../../Engine/Plugins/Animation/ControlRig/Content/Controls/ControlRig_RoundedSquare_solid.uexp" 422
"../../../Engine/Content/EditorMaterials/PhAT_NoCollisionMaterial.uasset" 423
"../../../Engine/Content/EditorMaterials/PhAT_NoCollisionMaterial.uexp" 424
"../../../Engine/Plugins/Animation/ControlRig/Content/Controls/ControlRig_RoundedTriangle_1mm.ubulk" 425
"../../../Engine/Plugins/Animation/ControlRig/Content/Controls/ControlRig_RoundedTriangle_1mm.uasset" 426
"../../../Engine/Plugins/Animation/ControlRig/Content/Controls/ControlRig_RoundedTriangle_1mm.uexp" 427
"../../../Engine/Content/EditorMaterials/PhAT_UnselectedMaterial.uasset" 428
"../../../Engine/Content/EditorMaterials/PhAT_UnselectedMaterial.uexp" 429
"../../../Engine/Plugins/Animation/ControlRig/Content/Controls/ControlRig_RoundedTriangle_3mm.ubulk" 430
"../../../Engine/Plugins/Animation/ControlRig/Content/Controls/ControlRig_RoundedTriangle_3mm.uasset" 431
"../../../Engine/Plugins/Animation/ControlRig/Content/Controls/ControlRig_RoundedTriangle_3mm.uexp" 432
"../../../Engine/Content/EditorMaterials/PreviewShadowIndicator.ubulk" 433
"../../../Engine/Content/EditorMaterials/PreviewShadowIndicator.uasset" 434
"../../../Engine/Content/EditorMaterials/PreviewShadowIndicator.uexp" 435
"../../../Engine/Content/EditorMaterials/PreviewShadowIndicatorMaterial.uasset" 436
"../../../Engine/Content/EditorMaterials/PreviewShadowIndicatorMaterial.uexp" 437
"../../../Engine/Content/EngineDamageTypes/DmgTypeBP_Environmental.uasset" 438
"../../../Engine/Content/EngineDamageTypes/DmgTypeBP_Environmental.uexp" 439
"../../../Engine/Plugins/Animation/ControlRig/Content/Controls/ControlRig_RoundedTriangle_solid.ubulk" 440
"../../../Engine/Plugins/Animation/ControlRig/Content/Controls/ControlRig_RoundedTriangle_solid.uasset" 441
"../../../Engine/Plugins/Animation/ControlRig/Content/Controls/ControlRig_RoundedTriangle_solid.uexp" 442
"../../../Engine/Plugins/Animation/ControlRig/Content/Controls/ControlRig_Sphere_1mm.ubulk" 443
"../../../Engine/Plugins/Animation/ControlRig/Content/Controls/ControlRig_Sphere_1mm.uasset" 444
"../../../Engine/Plugins/Animation/ControlRig/Content/Controls/ControlRig_Sphere_1mm.uexp" 445
"../../../Engine/Plugins/Animation/ControlRig/Content/Controls/ControlRig_Sphere_3mm.ubulk" 446
"../../../Engine/Plugins/Animation/ControlRig/Content/Controls/ControlRig_Sphere_3mm.uasset" 447
"../../../Engine/Plugins/Animation/ControlRig/Content/Controls/ControlRig_Sphere_3mm.uexp" 448
"../../../Engine/Content/EditorMaterials/ParticleSystems/PSysThumbnail_NoImage.ubulk" 449
"../../../Engine/Content/EditorMaterials/ParticleSystems/PSysThumbnail_NoImage.uasset" 450
"../../../Engine/Content/EditorMaterials/ParticleSystems/PSysThumbnail_NoImage.uexp" 451
"../../../Engine/Plugins/Animation/ControlRig/Content/Controls/ControlRig_Sphere_solid.ubulk" 452
"../../../Engine/Plugins/Animation/ControlRig/Content/Controls/ControlRig_Sphere_solid.uasset" 453
"../../../Engine/Plugins/Animation/ControlRig/Content/Controls/ControlRig_Sphere_solid.uexp" 454
"../../../Engine/Content/EditorMaterials/ParticleSystems/PSysThumbnail_OOD.ubulk" 455
"../../../Engine/Content/EditorMaterials/ParticleSystems/PSysThumbnail_OOD.uasset" 456
"../../../Engine/Content/EditorMaterials/ParticleSystems/PSysThumbnail_OOD.uexp" 457
"../../../Engine/Plugins/Animation/ControlRig/Content/Controls/ControlRig_Square_1mm.ubulk" 458
"../../../Engine/Plugins/Animation/ControlRig/Content/Controls/ControlRig_Square_1mm.uasset" 459
"../../../Engine/Plugins/Animation/ControlRig/Content/Controls/ControlRig_Square_1mm.uexp" 460
"../../../Engine/Content/EngineDebugMaterials/DebugEditorMaterial.uasset" 461
"../../../Engine/Content/EngineDebugMaterials/DebugEditorMaterial.uexp" 462
"../../../Engine/Plugins/Animation/ControlRig/Content/Controls/ControlRig_Square_3mm.ubulk" 463
"../../../Engine/Plugins/Animation/ControlRig/Content/Controls/ControlRig_Square_3mm.uasset" 464
"../../../Engine/Plugins/Animation/ControlRig/Content/Controls/ControlRig_Square_3mm.uexp" 465
"../../../Engine/Content/EngineDebugMaterials/DebugMeshMaterial.uasset" 466
"../../../Engine/Content/EngineDebugMaterials/DebugMeshMaterial.uexp" 467
"../../../Engine/Plugins/Animation/DeformerGraph/Content/DeformerFunctions/DG_Function_LinearBlendSkin_Morph_Cloth.uasset" 468
"../../../Engine/Plugins/Animation/DeformerGraph/Content/DeformerFunctions/DG_Function_LinearBlendSkin_Morph_Cloth.uexp" 469
"../../../Engine/Plugins/Animation/DeformerGraph/Content/Deformers/DG_LinearBlendSkin_Morph_Cloth.uasset" 470
"../../../Engine/Plugins/Animation/DeformerGraph/Content/Deformers/DG_LinearBlendSkin_Morph_Cloth.uexp" 471
"../../../Engine/Plugins/Animation/DeformerGraph/Content/DeformerFunctions/DG_Function_ComputeNormalsTangents.uasset" 472
"../../../Engine/Plugins/Animation/DeformerGraph/Content/DeformerFunctions/DG_Function_ComputeNormalsTangents.uexp" 473
"../../../Engine/Plugins/Animation/DeformerGraph/Content/DeformerFunctions/DG_Function_LinearBlendSkin_Morph_Cloth_PositionOnly.uasset" 474
"../../../Engine/Plugins/Animation/DeformerGraph/Content/DeformerFunctions/DG_Function_LinearBlendSkin_Morph_Cloth_PositionOnly.uexp" 475
"../../../Engine/Plugins/Animation/DeformerGraph/Content/Deformers/DG_LinearBlendSkin_Morph_Cloth_RecomputeNormals.uasset" 476
"../../../Engine/Plugins/Animation/DeformerGraph/Content/Deformers/DG_LinearBlendSkin_Morph_Cloth_RecomputeNormals.uexp" 477
"../../../Engine/Plugins/Animation/ControlRig/Content/Controls/ControlRig_Square_solid.ubulk" 478
"../../../Engine/Plugins/Animation/ControlRig/Content/Controls/ControlRig_Square_solid.uasset" 479
"../../../Engine/Plugins/Animation/ControlRig/Content/Controls/ControlRig_Square_solid.uexp" 480
"../../../Engine/Plugins/Animation/ControlRig/Content/Controls/ControlRig_Star4_1mm.ubulk" 481
"../../../Engine/Plugins/Animation/ControlRig/Content/Controls/ControlRig_Star4_1mm.uasset" 482
"../../../Engine/Plugins/Animation/ControlRig/Content/Controls/ControlRig_Star4_1mm.uexp" 483
"../../../Engine/Content/EngineMaterials/EnergyConservation/Diffuse_Energy.uasset" 484
"../../../Engine/Content/EngineMaterials/EnergyConservation/Diffuse_Energy.uexp" 485
"../../../Engine/Plugins/Animation/ControlRig/Content/Controls/ControlRig_Star4_3mm.ubulk" 486
"../../../Engine/Plugins/Animation/ControlRig/Content/Controls/ControlRig_Star4_3mm.uasset" 487
"../../../Engine/Plugins/Animation/ControlRig/Content/Controls/ControlRig_Star4_3mm.uexp" 488
"../../../Engine/Content/EngineMaterials/EnergyConservation/GGX_ReflectionEnergy.uasset" 489
"../../../Engine/Content/EngineMaterials/EnergyConservation/GGX_ReflectionEnergy.uexp" 490
"../../../Engine/Plugins/Animation/ControlRig/Content/Controls/ControlRig_Star4_solid.ubulk" 491
"../../../Engine/Plugins/Animation/ControlRig/Content/Controls/ControlRig_Star4_solid.uasset" 492
"../../../Engine/Plugins/Animation/ControlRig/Content/Controls/ControlRig_Star4_solid.uexp" 493
"../../../Engine/Plugins/Animation/ControlRig/Content/Controls/ControlRig_Triangle_1mm.ubulk" 494
"../../../Engine/Plugins/Animation/ControlRig/Content/Controls/ControlRig_Triangle_1mm.uasset" 495
"../../../Engine/Plugins/Animation/ControlRig/Content/Controls/ControlRig_Triangle_1mm.uexp" 496
"../../../Engine/Content/EngineMaterials/EnergyConservation/GGX_TransmissionEnergyArray.uasset" 497
"../../../Engine/Content/EngineMaterials/EnergyConservation/GGX_TransmissionEnergyArray.uexp" 498
"../../../Engine/Plugins/Animation/ControlRig/Content/Controls/ControlRig_Triangle_3mm.ubulk" 499
"../../../Engine/Plugins/Animation/ControlRig/Content/Controls/ControlRig_Triangle_3mm.uasset" 500
"../../../Engine/Plugins/Animation/ControlRig/Content/Controls/ControlRig_Triangle_3mm.uexp" 501
"../../../Engine/Plugins/Runtime/HairStrands/Content/Materials/HairCardsDefaultMaterial.uasset" 502
"../../../Engine/Plugins/Runtime/HairStrands/Content/Materials/HairCardsDefaultMaterial.uexp" 503
"../../../Engine/Content/EditorMaterials/Camera/CineMat.uasset" 504
"../../../Engine/Content/EditorMaterials/Camera/CineMat.uexp" 505
"../../../Engine/Content/EditorMaterials/Camera/MI_CineMat_Rig.uasset" 506
"../../../Engine/Content/EditorMaterials/Camera/MI_CineMat_Rig.uexp" 507
"../../../Engine/Content/EditorMeshes/Camera/SM_CraneRig_Arm.ubulk" 508
"../../../Engine/Content/EditorMeshes/Camera/SM_CraneRig_Arm.uasset" 509
"../../../Engine/Content/EditorMeshes/Camera/SM_CraneRig_Arm.uexp" 510
"../../../Engine/Content/EngineMaterials/EnergyConservation/SheenLegacy_Energy.uasset" 511
"../../../Engine/Content/EngineMaterials/EnergyConservation/SheenLegacy_Energy.uexp" 512
"../../../Engine/Plugins/Animation/ControlRig/Content/Controls/ControlRig_Triangle_solid.ubulk" 513
"../../../Engine/Plugins/Animation/ControlRig/Content/Controls/ControlRig_Triangle_solid.uasset" 514
"../../../Engine/Plugins/Animation/ControlRig/Content/Controls/ControlRig_Triangle_solid.uexp" 515
"../../../Engine/Content/Functions/Engine_MaterialFunctions02/Utility/MakeFloat2.uasset" 516
"../../../Engine/Content/Functions/Engine_MaterialFunctions02/Utility/MakeFloat2.uexp" 517
"../../../Engine/Content/EngineMaterials/HairColorMap.uasset" 518
"../../../Engine/Content/EngineMaterials/HairColorMap.uexp" 519
"../../../Engine/Content/EngineMaterials/HairDebugColor.uasset" 520
"../../../Engine/Content/EngineMaterials/HairDebugColor.uexp" 521
"../../../Engine/Plugins/Runtime/HairStrands/Content/Materials/HairGroupColors.uasset" 522
"../../../Engine/Plugins/Runtime/HairStrands/Content/Materials/HairGroupColors.uexp" 523
"../../../Engine/Plugins/Runtime/HairStrands/Content/Materials/HairDebugMaterial.uasset" 524
"../../../Engine/Plugins/Runtime/HairStrands/Content/Materials/HairDebugMaterial.uexp" 525
"../../../Engine/Content/EditorMeshes/Camera/SM_CraneRig_Base.ubulk" 526
"../../../Engine/Content/EditorMeshes/Camera/SM_CraneRig_Base.uasset" 527
"../../../Engine/Content/EditorMeshes/Camera/SM_CraneRig_Base.uexp" 528
"../../../Engine/Content/EngineMaterials/EnergyConservation/Sheen_Energy.uasset" 529
"../../../Engine/Content/EngineMaterials/EnergyConservation/Sheen_Energy.uexp" 530
"../../../Engine/Plugins/Animation/ControlRig/Content/Controls/ControlRig_Wedge_1mm.ubulk" 531
"../../../Engine/Plugins/Animation/ControlRig/Content/Controls/ControlRig_Wedge_1mm.uasset" 532
"../../../Engine/Plugins/Animation/ControlRig/Content/Controls/ControlRig_Wedge_1mm.uexp" 533
"../../../Engine/Content/EngineDebugMaterials/M_SimpleUnlitTranslucent.uasset" 534
"../../../Engine/Content/EngineDebugMaterials/M_SimpleUnlitTranslucent.uexp" 535
"../../../Engine/Plugins/Runtime/HairStrands/Content/Materials/HairDefaultMaterial.uasset" 536
"../../../Engine/Plugins/Runtime/HairStrands/Content/Materials/HairDefaultMaterial.uexp" 537
"../../../Engine/Content/EngineDebugMaterials/VolumeToRender.uasset" 538
"../../../Engine/Content/EngineDebugMaterials/VolumeToRender.uexp" 539
"../../../Engine/Content/EngineDebugMaterials/M_VolumeRenderSphereTracePP.uasset" 540
"../../../Engine/Content/EngineDebugMaterials/M_VolumeRenderSphereTracePP.uexp" 541
"../../../Engine/Content/EditorMeshes/Camera/SM_CraneRig_Body.ubulk" 542
"../../../Engine/Content/EditorMeshes/Camera/SM_CraneRig_Body.uasset" 543
"../../../Engine/Content/EditorMeshes/Camera/SM_CraneRig_Body.uexp" 544
"../../../Engine/Plugins/Animation/ControlRig/Content/Controls/ControlRig_Wedge_3mm.ubulk" 545
"../../../Engine/Plugins/Animation/ControlRig/Content/Controls/ControlRig_Wedge_3mm.uasset" 546
"../../../Engine/Plugins/Animation/ControlRig/Content/Controls/ControlRig_Wedge_3mm.uexp" 547
"../../../Engine/Content/EngineMaterials/LTC/GGX_LTCAmp.uasset" 548
"../../../Engine/Content/EngineMaterials/LTC/GGX_LTCAmp.uexp" 549
"../../../Engine/Content/EditorMeshes/Camera/SM_CraneRig_Mount.ubulk" 550
"../../../Engine/Content/EditorMeshes/Camera/SM_CraneRig_Mount.uasset" 551
"../../../Engine/Content/EditorMeshes/Camera/SM_CraneRig_Mount.uexp" 552
"../../../Engine/Plugins/Animation/ControlRig/Content/Controls/ControlRig_Wedge_solid.ubulk" 553
"../../../Engine/Plugins/Animation/ControlRig/Content/Controls/ControlRig_Wedge_solid.uasset" 554
"../../../Engine/Plugins/Animation/ControlRig/Content/Controls/ControlRig_Wedge_solid.uexp" 555
"../../../Engine/Content/EngineMaterials/LTC/GGX_LTCMat.uasset" 556
"../../../Engine/Content/EngineMaterials/LTC/GGX_LTCMat.uexp" 557
"../../../Engine/Content/EditorMeshes/Camera/SM_RailRig_Mount.ubulk" 558
"../../../Engine/Content/EditorMeshes/Camera/SM_RailRig_Mount.uasset" 559
"../../../Engine/Content/EditorMeshes/Camera/SM_RailRig_Mount.uexp" 560
"../../../Engine/Plugins/Runtime/HairStrands/Content/Materials/HairMeshesDefaultMaterial.uasset" 561
"../../../Engine/Plugins/Runtime/HairStrands/Content/Materials/HairMeshesDefaultMaterial.uexp" 562
"../../../Engine/Content/EngineMaterials/LTC/Sheen_LTC.uasset" 563
"../../../Engine/Content/EngineMaterials/LTC/Sheen_LTC.uexp" 564
"../../../Engine/Content/EditorMeshes/Camera/SM_RailRig_Track.ubulk" 565
"../../../Engine/Content/EditorMeshes/Camera/SM_RailRig_Track.uasset" 566
"../../../Engine/Content/EditorMeshes/Camera/SM_RailRig_Track.uexp" 567
"../../../Engine/Content/Functions/Engine_MaterialFunctions02/WorldPositionOffset/ObjectScale.uasset" 568
"../../../Engine/Content/Functions/Engine_MaterialFunctions02/WorldPositionOffset/ObjectScale.uexp" 569
"../../../Engine/Plugins/Editor/SpeedTreeImporter/Content/SpeedTree9/Empty.uasset" 570
"../../../Engine/Plugins/Editor/SpeedTreeImporter/Content/SpeedTree9/Empty.uexp" 571
"../../../Engine/Plugins/Editor/SpeedTreeImporter/Content/SpeedTree9/EmptyNormal.uasset" 572
"../../../Engine/Plugins/Editor/SpeedTreeImporter/Content/SpeedTree9/EmptyNormal.uexp" 573
"../../../Engine/Plugins/Editor/SpeedTreeImporter/Content/SpeedTree9/game_wind_noise.ubulk" 574
"../../../Engine/Plugins/Editor/SpeedTreeImporter/Content/SpeedTree9/game_wind_noise.uasset" 575
"../../../Engine/Plugins/Editor/SpeedTreeImporter/Content/SpeedTree9/game_wind_noise.uexp" 576
"../../../Engine/Plugins/Editor/SpeedTreeImporter/Content/SpeedTree9/SpeedTreeBillboard.uasset" 577
"../../../Engine/Plugins/Editor/SpeedTreeImporter/Content/SpeedTree9/SpeedTreeBillboard.uexp" 578
"../../../Engine/Content/Functions/Engine_MaterialFunctions02/SafeNormalize.uasset" 579
"../../../Engine/Content/Functions/Engine_MaterialFunctions02/SafeNormalize.uexp" 580
"../../../Engine/Plugins/Editor/SpeedTreeImporter/Content/SpeedTree9/SpeedTreeWindMotion.uasset" 581
"../../../Engine/Plugins/Editor/SpeedTreeImporter/Content/SpeedTree9/SpeedTreeWindMotion.uexp" 582
"../../../Engine/Plugins/Editor/SpeedTreeImporter/Content/SpeedTree9/UnpackDirection.uasset" 583
"../../../Engine/Plugins/Editor/SpeedTreeImporter/Content/SpeedTree9/UnpackDirection.uexp" 584
"../../../Engine/Plugins/Editor/SpeedTreeImporter/Content/SpeedTree9/UnpackInteger3.uasset" 585
"../../../Engine/Plugins/Editor/SpeedTreeImporter/Content/SpeedTree9/UnpackInteger3.uexp" 586
"../../../Engine/Plugins/Editor/SpeedTreeImporter/Content/SpeedTree9/SpeedTreeBranchMotion.uasset" 587
"../../../Engine/Plugins/Editor/SpeedTreeImporter/Content/SpeedTree9/SpeedTreeBranchMotion.uexp" 588
"../../../Engine/Content/Functions/Engine_MaterialFunctions02/ObjectLocalBounds.uasset" 589
"../../../Engine/Content/Functions/Engine_MaterialFunctions02/ObjectLocalBounds.uexp" 590
"../../../Engine/Content/Functions/Engine_MaterialFunctions02/UVs/BoundingBoxBased_0-1_UVW.uasset" 591
"../../../Engine/Content/Functions/Engine_MaterialFunctions02/UVs/BoundingBoxBased_0-1_UVW.uexp" 592
"../../../Engine/Plugins/Editor/SpeedTreeImporter/Content/SpeedTree9/SpeedTreeWind.uasset" 593
"../../../Engine/Plugins/Editor/SpeedTreeImporter/Content/SpeedTree9/SpeedTreeWind.uexp" 594
"../../../Engine/Plugins/Editor/SpeedTreeImporter/Content/SpeedTree9/SpeedTreeBillboardMaster.uasset" 595
"../../../Engine/Plugins/Editor/SpeedTreeImporter/Content/SpeedTree9/SpeedTreeBillboardMaster.uexp" 596
"../../../Engine/Plugins/Editor/SpeedTreeImporter/Content/SpeedTree9/SpeedTreeCameraFacing.uasset" 597
"../../../Engine/Plugins/Editor/SpeedTreeImporter/Content/SpeedTree9/SpeedTreeCameraFacing.uexp" 598
"../../../Engine/Plugins/Editor/SpeedTreeImporter/Content/SpeedTree9/SpeedTreeMaster.uasset" 599
"../../../Engine/Plugins/Editor/SpeedTreeImporter/Content/SpeedTree9/SpeedTreeMaster.uexp" 600
"../../../Engine/Content/EngineResources/Development/ZenLogo_64.uasset" 601
"../../../Engine/Content/EngineResources/Development/ZenLogo_64.uexp" 602
"../../../Engine/Content/EngineResources/FilmGrains/Marcie_Grain_v3_128_M2_000.uasset" 603
"../../../Engine/Content/EngineResources/FilmGrains/Marcie_Grain_v3_128_M2_000.uexp" 604
"../../../Engine/Plugins/Interchange/Assets/Content/Substrate/MX_SimpleVolume.uasset" 605
"../../../Engine/Plugins/Interchange/Assets/Content/Substrate/MX_SimpleVolume.uexp" 606
"../../../Engine/Content/EditorMaterials/Dataflow/DataflowTwoSidedVertexMaterial.uasset" 607
"../../../Engine/Content/EditorMaterials/Dataflow/DataflowTwoSidedVertexMaterial.uexp" 608
"../../../Engine/Content/EditorMaterials/Dataflow/DataflowVertexMaterial.uasset" 609
"../../../Engine/Content/EditorMaterials/Dataflow/DataflowVertexMaterial.uexp" 610
"../../../Engine/Content/EditorResources/SequenceRecorder/Countdown.uasset" 611
"../../../Engine/Content/EditorResources/SequenceRecorder/Countdown.uexp" 612
"../../../Engine/Content/EditorResources/SequenceRecorder/RecordingIndicator.uasset" 613
"../../../Engine/Content/EditorResources/SequenceRecorder/RecordingIndicator.uexp" 614
"../../../Engine/Plugins/Interchange/Runtime/Content/Pipelines/DefaultAssetsPipeline.uasset" 615
"../../../Engine/Plugins/Interchange/Runtime/Content/Pipelines/DefaultAssetsPipeline.uexp" 616
"../../../Engine/Plugins/Interchange/Runtime/Content/Pipelines/DefaultAudioPipeline.uasset" 617
"../../../Engine/Plugins/Interchange/Runtime/Content/Pipelines/DefaultAudioPipeline.uexp" 618
"../../../Engine/Plugins/Interchange/Runtime/Content/Pipelines/DefaultGLTFAssetsPipeline.uasset" 619
"../../../Engine/Plugins/Interchange/Runtime/Content/Pipelines/DefaultGLTFAssetsPipeline.uexp" 620
"../../../Engine/Plugins/Interchange/Runtime/Content/Pipelines/DefaultGLTFPipeline.uasset" 621
"../../../Engine/Plugins/Interchange/Runtime/Content/Pipelines/DefaultGLTFPipeline.uexp" 622
"../../../Engine/Plugins/Interchange/Runtime/Content/Pipelines/DefaultGLTFSceneAssetsPipeline.uasset" 623
"../../../Engine/Plugins/Interchange/Runtime/Content/Pipelines/DefaultGLTFSceneAssetsPipeline.uexp" 624
"../../../Engine/Plugins/Interchange/Runtime/Content/Pipelines/DefaultMaterialPipeline.uasset" 625
"../../../Engine/Plugins/Interchange/Runtime/Content/Pipelines/DefaultMaterialPipeline.uexp" 626
"../../../Engine/Plugins/Interchange/Runtime/Content/Pipelines/DefaultMaterialXPipeline.uasset" 627
"../../../Engine/Plugins/Interchange/Runtime/Content/Pipelines/DefaultMaterialXPipeline.uexp" 628
"../../../Engine/Plugins/Interchange/Runtime/Content/Pipelines/DefaultSceneAssetsPipeline.uasset" 629
"../../../Engine/Plugins/Interchange/Runtime/Content/Pipelines/DefaultSceneAssetsPipeline.uexp" 630
"../../../Engine/Plugins/Interchange/Runtime/Content/Pipelines/DefaultSceneLevelPipeline.uasset" 631
"../../../Engine/Plugins/Interchange/Runtime/Content/Pipelines/DefaultSceneLevelPipeline.uexp" 632
"../../../Engine/Plugins/Interchange/Runtime/Content/Pipelines/DefaultTexturePipeline.uasset" 633
"../../../Engine/Plugins/Interchange/Runtime/Content/Pipelines/DefaultTexturePipeline.uexp" 634
"../../../Engine/Plugins/Runtime/AudioWidgets/Content/Resources/ScrubHandleDown_Clamped.uasset" 635
"../../../Engine/Plugins/Runtime/AudioWidgets/Content/Resources/ScrubHandleDown_Clamped.uexp" 636
"../../../Engine/Content/VREditor/TransformGizmo/BoundingBoxCorner.ubulk" 637
"../../../Engine/Content/VREditor/TransformGizmo/BoundingBoxCorner.uasset" 638
"../../../Engine/Content/VREditor/TransformGizmo/BoundingBoxCorner.uexp" 639
"../../../Engine/Content/VREditor/TransformGizmo/BoundingBoxEdge.ubulk" 640
"../../../Engine/Content/VREditor/TransformGizmo/BoundingBoxEdge.uasset" 641
"../../../Engine/Content/VREditor/TransformGizmo/BoundingBoxEdge.uexp" 642
"../../../Engine/Content/Functions/Engine_MaterialFunctions01/Texturing/FlattenNormal.uasset" 643
"../../../Engine/Content/Functions/Engine_MaterialFunctions01/Texturing/FlattenNormal.uexp" 644
"../../../Engine/Plugins/Interchange/Assets/Content/Utilities/New_LUT.uasset" 645
"../../../Engine/Plugins/Interchange/Assets/Content/Utilities/New_LUT.uexp" 646
"../../../Engine/Content/Functions/Engine_MaterialFunctions03/Math/RemapValueRange.uasset" 647
"../../../Engine/Content/Functions/Engine_MaterialFunctions03/Math/RemapValueRange.uexp" 648
"../../../Engine/Plugins/Interchange/Assets/Content/Functions/MF_Iridescence.uasset" 649
"../../../Engine/Plugins/Interchange/Assets/Content/Functions/MF_Iridescence.uexp" 650
"../../../Engine/Plugins/Interchange/Assets/Content/gltf/Textures/T_White_srgb.uasset" 651
"../../../Engine/Plugins/Interchange/Assets/Content/gltf/Textures/T_White_srgb.uexp" 652
"../../../Engine/Plugins/Interchange/Assets/Content/gltf/MaterialFunctions/MF_BaseColor.uasset" 653
"../../../Engine/Plugins/Interchange/Assets/Content/gltf/MaterialFunctions/MF_BaseColor.uexp" 654
"../../../Engine/Plugins/Interchange/Assets/Content/gltf/MaterialFunctions/MF_RotateNormals_TS.uasset" 655
"../../../Engine/Plugins/Interchange/Assets/Content/gltf/MaterialFunctions/MF_RotateNormals_TS.uexp" 656
"../../../Engine/Plugins/Interchange/Assets/Content/gltf/Textures/T_Generic_N.uasset" 657
"../../../Engine/Plugins/Interchange/Assets/Content/gltf/Textures/T_Generic_N.uexp" 658
"../../../Engine/Plugins/Interchange/Assets/Content/gltf/Textures/T_White_Linear.uasset" 659
"../../../Engine/Plugins/Interchange/Assets/Content/gltf/Textures/T_White_Linear.uexp" 660
"../../../Engine/Plugins/Interchange/Assets/Content/gltf/MaterialFunctions/MF_Clearcoat.uasset" 661
"../../../Engine/Plugins/Interchange/Assets/Content/gltf/MaterialFunctions/MF_Clearcoat.uexp" 662
"../../../Engine/Plugins/Interchange/Assets/Content/gltf/MaterialFunctions/MF_Emissive.uasset" 663
"../../../Engine/Plugins/Interchange/Assets/Content/gltf/MaterialFunctions/MF_Emissive.uexp" 664
"../../../Engine/Plugins/Interchange/Assets/Content/gltf/MaterialFunctions/MF_IOR.uasset" 665
"../../../Engine/Plugins/Interchange/Assets/Content/gltf/MaterialFunctions/MF_IOR.uexp" 666
"../../../Engine/Plugins/Interchange/Assets/Content/Functions/MF_IridescenceNoLUT.uasset" 667
"../../../Engine/Plugins/Interchange/Assets/Content/Functions/MF_IridescenceNoLUT.uexp" 668
"../../../Engine/Plugins/Interchange/Assets/Content/gltf/MaterialFunctions/MF_Iridescence.uasset" 669
"../../../Engine/Plugins/Interchange/Assets/Content/gltf/MaterialFunctions/MF_Iridescence.uexp" 670
"../../../Engine/Plugins/Interchange/Assets/Content/gltf/MaterialFunctions/MF_MetallicRoughness.uasset" 671
"../../../Engine/Plugins/Interchange/Assets/Content/gltf/MaterialFunctions/MF_MetallicRoughness.uexp" 672
"../../../Engine/Plugins/Interchange/Assets/Content/gltf/MaterialFunctions/MF_ScaleNormal.uasset" 673
"../../../Engine/Plugins/Interchange/Assets/Content/gltf/MaterialFunctions/MF_ScaleNormal.uexp" 674
"../../../Engine/Plugins/Interchange/Assets/Content/gltf/MaterialFunctions/MF_Normals.uasset" 675
"../../../Engine/Plugins/Interchange/Assets/Content/gltf/MaterialFunctions/MF_Normals.uexp" 676
"../../../Engine/Plugins/Interchange/Assets/Content/gltf/MaterialFunctions/MF_Occlusion.uasset" 677
"../../../Engine/Plugins/Interchange/Assets/Content/gltf/MaterialFunctions/MF_Occlusion.uexp" 678
"../../../Engine/Plugins/Interchange/Assets/Content/gltf/MaterialFunctions/MF_Specular.uasset" 679
"../../../Engine/Plugins/Interchange/Assets/Content/gltf/MaterialFunctions/MF_Specular.uexp" 680
"../../../Engine/Plugins/Interchange/Assets/Content/gltf/Textures/T_Anisotropy_Direction_Linear.uasset" 681
"../../../Engine/Plugins/Interchange/Assets/Content/gltf/Textures/T_Anisotropy_Direction_Linear.uexp" 682
"../../../Engine/Plugins/Interchange/Assets/Content/gltf/MaterialFunctions/MF_SpecularAnisotropy.uasset" 683
"../../../Engine/Plugins/Interchange/Assets/Content/gltf/MaterialFunctions/MF_SpecularAnisotropy.uexp" 684
"../../../Engine/Plugins/Interchange/Assets/Content/gltf/MaterialFunctions/MF_RotateV2.uasset" 685
"../../../Engine/Plugins/Interchange/Assets/Content/gltf/MaterialFunctions/MF_RotateV2.uexp" 686
"../../../Engine/Plugins/Interchange/Assets/Content/gltf/MaterialFunctions/MF_TransformUVs.uasset" 687
"../../../Engine/Plugins/Interchange/Assets/Content/gltf/MaterialFunctions/MF_TransformUVs.uexp" 688
"../../../Engine/Plugins/Interchange/Assets/Content/gltf/MaterialBodies/MF_ClearCoat_Body.uasset" 689
"../../../Engine/Plugins/Interchange/Assets/Content/gltf/MaterialBodies/MF_ClearCoat_Body.uexp" 690
"../../../Engine/Plugins/Interchange/Assets/Content/gltf/M_ClearCoat.uasset" 691
"../../../Engine/Plugins/Interchange/Assets/Content/gltf/M_ClearCoat.uexp" 692
"../../../Engine/Plugins/Interchange/Assets/Content/gltf/MaterialInstances/MI_ClearCoat_Blend.uasset" 693
"../../../Engine/Plugins/Interchange/Assets/Content/gltf/MaterialInstances/MI_ClearCoat_Blend.uexp" 694
"../../../Engine/Plugins/Interchange/Assets/Content/gltf/MaterialInstances/MI_ClearCoat_Blend_DS.uasset" 695
"../../../Engine/Plugins/Interchange/Assets/Content/gltf/MaterialInstances/MI_ClearCoat_Blend_DS.uexp" 696
"../../../Engine/Plugins/Interchange/Assets/Content/gltf/MaterialInstances/MI_ClearCoat_Mask.uasset" 697
"../../../Engine/Plugins/Interchange/Assets/Content/gltf/MaterialInstances/MI_ClearCoat_Mask.uexp" 698
"../../../Engine/Plugins/Interchange/Assets/Content/gltf/MaterialInstances/MI_ClearCoat_Mask_DS.uasset" 699
"../../../Engine/Plugins/Interchange/Assets/Content/gltf/MaterialInstances/MI_ClearCoat_Mask_DS.uexp" 700
"../../../Engine/Plugins/Interchange/Assets/Content/gltf/MaterialInstances/MI_ClearCoat_Opaque.uasset" 701
"../../../Engine/Plugins/Interchange/Assets/Content/gltf/MaterialInstances/MI_ClearCoat_Opaque.uexp" 702
"../../../Engine/Plugins/Interchange/Assets/Content/gltf/MaterialInstances/MI_ClearCoat_Opaque_DS.uasset" 703
"../../../Engine/Plugins/Interchange/Assets/Content/gltf/MaterialInstances/MI_ClearCoat_Opaque_DS.uexp" 704
"../../../Engine/Plugins/Interchange/Assets/Content/gltf/MaterialBodies/MF_Default_Body.uasset" 705
"../../../Engine/Plugins/Interchange/Assets/Content/gltf/MaterialBodies/MF_Default_Body.uexp" 706
"../../../Engine/Plugins/Interchange/Assets/Content/gltf/M_Default.uasset" 707
"../../../Engine/Plugins/Interchange/Assets/Content/gltf/M_Default.uexp" 708
"../../../Engine/Plugins/Interchange/Assets/Content/gltf/MaterialInstances/MI_Default_Blend.uasset" 709
"../../../Engine/Plugins/Interchange/Assets/Content/gltf/MaterialInstances/MI_Default_Blend.uexp" 710
"../../../Engine/Plugins/Interchange/Assets/Content/gltf/MaterialInstances/MI_Default_Blend_DS.uasset" 711
"../../../Engine/Plugins/Interchange/Assets/Content/gltf/MaterialInstances/MI_Default_Blend_DS.uexp" 712
"../../../Engine/Plugins/Interchange/Assets/Content/gltf/MaterialInstances/MI_Default_Mask.uasset" 713
"../../../Engine/Plugins/Interchange/Assets/Content/gltf/MaterialInstances/MI_Default_Mask.uexp" 714
"../../../Engine/Plugins/Interchange/Assets/Content/gltf/MaterialInstances/MI_Default_Mask_DS.uasset" 715
"../../../Engine/Plugins/Interchange/Assets/Content/gltf/MaterialInstances/MI_Default_Mask_DS.uexp" 716
"../../../Engine/Plugins/Interchange/Assets/Content/gltf/MaterialInstances/MI_Default_Opaque.uasset" 717
"../../../Engine/Plugins/Interchange/Assets/Content/gltf/MaterialInstances/MI_Default_Opaque.uexp" 718
"../../../Engine/Plugins/Interchange/Assets/Content/gltf/MaterialInstances/MI_Default_Opaque_DS.uasset" 719
"../../../Engine/Plugins/Interchange/Assets/Content/gltf/MaterialInstances/MI_Default_Opaque_DS.uexp" 720
"../../../Engine/Plugins/Interchange/Assets/Content/gltf/MaterialFunctions/MF_Sheen.uasset" 721
"../../../Engine/Plugins/Interchange/Assets/Content/gltf/MaterialFunctions/MF_Sheen.uexp" 722
"../../../Engine/Plugins/Interchange/Assets/Content/gltf/MaterialBodies/MF_Sheen_Body.uasset" 723
"../../../Engine/Plugins/Interchange/Assets/Content/gltf/MaterialBodies/MF_Sheen_Body.uexp" 724
"../../../Engine/Plugins/Interchange/Assets/Content/gltf/M_Sheen.uasset" 725
"../../../Engine/Plugins/Interchange/Assets/Content/gltf/M_Sheen.uexp" 726
"../../../Engine/Plugins/Interchange/Assets/Content/gltf/MaterialInstances/MI_Sheen_Blend.uasset" 727
"../../../Engine/Plugins/Interchange/Assets/Content/gltf/MaterialInstances/MI_Sheen_Blend.uexp" 728
"../../../Engine/Plugins/Interchange/Assets/Content/gltf/MaterialInstances/MI_Sheen_Blend_DS.uasset" 729
"../../../Engine/Plugins/Interchange/Assets/Content/gltf/MaterialInstances/MI_Sheen_Blend_DS.uexp" 730
"../../../Engine/Plugins/Interchange/Assets/Content/gltf/MaterialInstances/MI_Sheen_Mask.uasset" 731
"../../../Engine/Plugins/Interchange/Assets/Content/gltf/MaterialInstances/MI_Sheen_Mask.uexp" 732
"../../../Engine/Plugins/Interchange/Assets/Content/gltf/MaterialInstances/MI_Sheen_Mask_DS.uasset" 733
"../../../Engine/Plugins/Interchange/Assets/Content/gltf/MaterialInstances/MI_Sheen_Mask_DS.uexp" 734
"../../../Engine/Plugins/Interchange/Assets/Content/gltf/MaterialInstances/MI_Sheen_Opaque.uasset" 735
"../../../Engine/Plugins/Interchange/Assets/Content/gltf/MaterialInstances/MI_Sheen_Opaque.uexp" 736
"../../../Engine/Plugins/Interchange/Assets/Content/gltf/MaterialInstances/MI_Sheen_Opaque_DS.uasset" 737
"../../../Engine/Plugins/Interchange/Assets/Content/gltf/MaterialInstances/MI_Sheen_Opaque_DS.uexp" 738
"../../../Engine/Plugins/Interchange/Assets/Content/gltf/MaterialFunctions/MF_DiffuseSpecGloss.uasset" 739
"../../../Engine/Plugins/Interchange/Assets/Content/gltf/MaterialFunctions/MF_DiffuseSpecGloss.uexp" 740
"../../../Engine/Plugins/Interchange/Assets/Content/gltf/MaterialFunctions/MF_MaxComponentValue.uasset" 741
"../../../Engine/Plugins/Interchange/Assets/Content/gltf/MaterialFunctions/MF_MaxComponentValue.uexp" 742
"../../../Engine/Content/Functions/Engine_MaterialFunctions02/Math/AddComponents.uasset" 743
"../../../Engine/Content/Functions/Engine_MaterialFunctions02/Math/AddComponents.uexp" 744
"../../../Engine/Plugins/Interchange/Assets/Content/gltf/MaterialFunctions/MF_PerceivedBrightness.uasset" 745
"../../../Engine/Plugins/Interchange/Assets/Content/gltf/MaterialFunctions/MF_PerceivedBrightness.uexp" 746
"../../../Engine/Plugins/Interchange/Assets/Content/gltf/MaterialFunctions/MF_SpecGlossToMetalRoughness.uasset" 747
"../../../Engine/Plugins/Interchange/Assets/Content/gltf/MaterialFunctions/MF_SpecGlossToMetalRoughness.uexp" 748
"../../../Engine/Plugins/Interchange/Assets/Content/gltf/MaterialBodies/MF_SpecularGlossiness_Body.uasset" 749
"../../../Engine/Plugins/Interchange/Assets/Content/gltf/MaterialBodies/MF_SpecularGlossiness_Body.uexp" 750
"../../../Engine/Plugins/Interchange/Assets/Content/gltf/M_SpecularGlossiness.uasset" 751
"../../../Engine/Plugins/Interchange/Assets/Content/gltf/M_SpecularGlossiness.uexp" 752
"../../../Engine/Plugins/Interchange/Assets/Content/gltf/MaterialInstances/MI_SpecularGlossiness_Blend.uasset" 753
"../../../Engine/Plugins/Interchange/Assets/Content/gltf/MaterialInstances/MI_SpecularGlossiness_Blend.uexp" 754
"../../../Engine/Plugins/Interchange/Assets/Content/gltf/MaterialInstances/MI_SpecularGlossiness_Blend_DS.uasset" 755
"../../../Engine/Plugins/Interchange/Assets/Content/gltf/MaterialInstances/MI_SpecularGlossiness_Blend_DS.uexp" 756
"../../../Engine/Plugins/Interchange/Assets/Content/gltf/MaterialInstances/MI_SpecularGlossiness_Mask.uasset" 757
"../../../Engine/Plugins/Interchange/Assets/Content/gltf/MaterialInstances/MI_SpecularGlossiness_Mask.uexp" 758
"../../../Engine/Plugins/Interchange/Assets/Content/gltf/MaterialInstances/MI_SpecularGlossiness_Mask_DS.uasset" 759
"../../../Engine/Plugins/Interchange/Assets/Content/gltf/MaterialInstances/MI_SpecularGlossiness_Mask_DS.uexp" 760
"../../../Engine/Plugins/Interchange/Assets/Content/gltf/MaterialInstances/MI_SpecularGlossiness_Opaque.uasset" 761
"../../../Engine/Plugins/Interchange/Assets/Content/gltf/MaterialInstances/MI_SpecularGlossiness_Opaque.uexp" 762
"../../../Engine/Plugins/Interchange/Assets/Content/gltf/MaterialInstances/MI_SpecularGlossiness_Opaque_DS.uasset" 763
"../../../Engine/Plugins/Interchange/Assets/Content/gltf/MaterialInstances/MI_SpecularGlossiness_Opaque_DS.uexp" 764
"../../../Engine/Content/EngineMaterials/Good64x64TilingNoiseHighFreq.uasset" 765
"../../../Engine/Content/EngineMaterials/Good64x64TilingNoiseHighFreq.uexp" 766
"../../../Engine/Content/Functions/Engine_MaterialFunctions02/Texturing/ScreenAlignedPixelToPixelUVs.uasset" 767
"../../../Engine/Content/Functions/Engine_MaterialFunctions02/Texturing/ScreenAlignedPixelToPixelUVs.uexp" 768
"../../../Engine/Plugins/Interchange/Assets/Content/gltf/MaterialFunctions/MF_Fresnel_DS.uasset" 769
"../../../Engine/Plugins/Interchange/Assets/Content/gltf/MaterialFunctions/MF_Fresnel_DS.uexp" 770
"../../../Engine/Plugins/Interchange/Assets/Content/gltf/MaterialFunctions/MF_Temporal_Blur.uasset" 771
"../../../Engine/Plugins/Interchange/Assets/Content/gltf/MaterialFunctions/MF_Temporal_Blur.uexp" 772
"../../../Engine/Plugins/Interchange/Assets/Content/gltf/MaterialFunctions/MF_Transmission.uasset" 773
"../../../Engine/Plugins/Interchange/Assets/Content/gltf/MaterialFunctions/MF_Transmission.uexp" 774
"../../../Engine/Plugins/Interchange/Assets/Content/gltf/MaterialBodies/MF_Transmission_Body.uasset" 775
"../../../Engine/Plugins/Interchange/Assets/Content/gltf/MaterialBodies/MF_Transmission_Body.uexp" 776
"../../../Engine/Plugins/Interchange/Assets/Content/gltf/M_Transmission.uasset" 777
"../../../Engine/Plugins/Interchange/Assets/Content/gltf/M_Transmission.uexp" 778
"../../../Engine/Plugins/Interchange/Assets/Content/gltf/MaterialInstances/MI_Transmission.uasset" 779
"../../../Engine/Plugins/Interchange/Assets/Content/gltf/MaterialInstances/MI_Transmission.uexp" 780
"../../../Engine/Plugins/Interchange/Assets/Content/gltf/MaterialInstances/MI_Transmission_DS.uasset" 781
"../../../Engine/Plugins/Interchange/Assets/Content/gltf/MaterialInstances/MI_Transmission_DS.uexp" 782
"../../../Engine/Plugins/Interchange/Assets/Content/gltf/MaterialBodies/MF_Unlit_Body.uasset" 783
"../../../Engine/Plugins/Interchange/Assets/Content/gltf/MaterialBodies/MF_Unlit_Body.uexp" 784
"../../../Engine/Plugins/Interchange/Assets/Content/gltf/M_Unlit.uasset" 785
"../../../Engine/Plugins/Interchange/Assets/Content/gltf/M_Unlit.uexp" 786
"../../../Engine/Plugins/Interchange/Assets/Content/gltf/MaterialInstances/MI_Unlit_Blend.uasset" 787
"../../../Engine/Plugins/Interchange/Assets/Content/gltf/MaterialInstances/MI_Unlit_Blend.uexp" 788
"../../../Engine/Plugins/Interchange/Assets/Content/gltf/MaterialInstances/MI_Unlit_Blend_DS.uasset" 789
"../../../Engine/Plugins/Interchange/Assets/Content/gltf/MaterialInstances/MI_Unlit_Blend_DS.uexp" 790
"../../../Engine/Plugins/Interchange/Assets/Content/gltf/MaterialInstances/MI_Unlit_Mask.uasset" 791
"../../../Engine/Plugins/Interchange/Assets/Content/gltf/MaterialInstances/MI_Unlit_Mask.uexp" 792
"../../../Engine/Plugins/Interchange/Assets/Content/gltf/MaterialInstances/MI_Unlit_Mask_DS.uasset" 793
"../../../Engine/Plugins/Interchange/Assets/Content/gltf/MaterialInstances/MI_Unlit_Mask_DS.uexp" 794
"../../../Engine/Plugins/Interchange/Assets/Content/gltf/MaterialInstances/MI_Unlit_Opaque.uasset" 795
"../../../Engine/Plugins/Interchange/Assets/Content/gltf/MaterialInstances/MI_Unlit_Opaque.uexp" 796
"../../../Engine/Plugins/Interchange/Assets/Content/gltf/MaterialInstances/MI_Unlit_Opaque_DS.uasset" 797
"../../../Engine/Plugins/Interchange/Assets/Content/gltf/MaterialInstances/MI_Unlit_Opaque_DS.uexp" 798
"../../../Engine/Content/Functions/Engine_MaterialFunctions02/WorldPositionOffset/CameraOffset.uasset" 799
"../../../Engine/Content/Functions/Engine_MaterialFunctions02/WorldPositionOffset/CameraOffset.uexp" 800
"../../../Engine/Plugins/Animation/ControlRig/Content/M_Manip.uasset" 801
"../../../Engine/Plugins/Animation/ControlRig/Content/M_Manip.uexp" 802
"../../../Engine/Plugins/2D/Paper2D/Content/DefaultSpriteMaterial.uasset" 803
"../../../Engine/Plugins/2D/Paper2D/Content/DefaultSpriteMaterial.uexp" 804
"../../../Engine/Plugins/2D/Paper2D/Content/OpaqueUnlitSpriteMaterial.uasset" 805
"../../../Engine/Plugins/2D/Paper2D/Content/OpaqueUnlitSpriteMaterial.uexp" 806
"../../../Engine/Plugins/2D/Paper2D/Content/MaskedUnlitSpriteMaterial.uasset" 807
"../../../Engine/Plugins/2D/Paper2D/Content/MaskedUnlitSpriteMaterial.uexp" 808
"../../../Engine/Content/Functions/Engine_MaterialFunctions01/Shading/PowerToRoughness.uasset" 809
"../../../Engine/Content/Functions/Engine_MaterialFunctions01/Shading/PowerToRoughness.uexp" 810
"../../../Engine/Content/Functions/Engine_MaterialFunctions01/Shading/ConvertFromDiffSpec.uasset" 811
"../../../Engine/Content/Functions/Engine_MaterialFunctions01/Shading/ConvertFromDiffSpec.uexp" 812
"../../../Engine/Content/EngineMaterials/FastBlueNoise_scalar_128x128x64.uasset" 813
"../../../Engine/Content/EngineMaterials/FastBlueNoise_scalar_128x128x64.uexp" 814
"../../../Engine/Content/EngineMaterials/FastBlueNoise_scalar_128x128x8.uasset" 815
"../../../Engine/Content/EngineMaterials/FastBlueNoise_scalar_128x128x8.uexp" 816
"../../../Engine/Content/EngineMaterials/FastBlueNoise_vec2_128x128x64.uasset" 817
"../../../Engine/Content/EngineMaterials/FastBlueNoise_vec2_128x128x64.uexp" 818
"../../../Engine/Content/EngineMaterials/BaseFlattenDiffuseMap.uasset" 819
"../../../Engine/Content/EngineMaterials/BaseFlattenDiffuseMap.uexp" 820
"../../../Engine/Content/EngineMaterials/BaseFlattenEmissiveMap.uasset" 821
"../../../Engine/Content/EngineMaterials/BaseFlattenEmissiveMap.uexp" 822
"../../../Engine/Content/EngineMaterials/BaseFlattenGrayscaleMap.uasset" 823
"../../../Engine/Content/EngineMaterials/BaseFlattenGrayscaleMap.uexp" 824
"../../../Engine/Content/EngineMaterials/BaseFlattenLinearColor.uasset" 825
"../../../Engine/Content/EngineMaterials/BaseFlattenLinearColor.uexp" 826
"../../../Engine/Content/EngineMaterials/BaseFlattenNormalMap.uasset" 827
"../../../Engine/Content/EngineMaterials/BaseFlattenNormalMap.uexp" 828
"../../../Engine/Content/Functions/Engine_MaterialFunctions02/PivotPainter2/Black_1x1_EXR_Texture.uasset" 829
"../../../Engine/Content/Functions/Engine_MaterialFunctions02/PivotPainter2/Black_1x1_EXR_Texture.uexp" 830
"../../../Engine/Content/EngineMaterials/FlattenMaterial.uasset" 831
"../../../Engine/Content/EngineMaterials/FlattenMaterial.uexp" 832
"../../../Engine/Content/EngineMaterials/BaseFlattenDiffuseMap_VT.ubulk" 833
"../../../Engine/Content/EngineMaterials/BaseFlattenDiffuseMap_VT.uasset" 834
"../../../Engine/Content/EngineMaterials/BaseFlattenDiffuseMap_VT.uexp" 835
"../../../Engine/Content/EngineMaterials/BaseFlattenEmissiveMap_VT.ubulk" 836
"../../../Engine/Content/EngineMaterials/BaseFlattenEmissiveMap_VT.uasset" 837
"../../../Engine/Content/EngineMaterials/BaseFlattenEmissiveMap_VT.uexp" 838
"../../../Engine/Content/EngineMaterials/BaseFlattenGrayscaleMap_VT.ubulk" 839
"../../../Engine/Content/EngineMaterials/BaseFlattenGrayscaleMap_VT.uasset" 840
"../../../Engine/Content/EngineMaterials/BaseFlattenGrayscaleMap_VT.uexp" 841
"../../../Engine/Content/EngineMaterials/BaseFlattenLinearColor_VT.ubulk" 842
"../../../Engine/Content/EngineMaterials/BaseFlattenLinearColor_VT.uasset" 843
"../../../Engine/Content/EngineMaterials/BaseFlattenLinearColor_VT.uexp" 844
"../../../Engine/Content/EngineMaterials/BaseFlattenNormalMap_VT.ubulk" 845
"../../../Engine/Content/EngineMaterials/BaseFlattenNormalMap_VT.uasset" 846
"../../../Engine/Content/EngineMaterials/BaseFlattenNormalMap_VT.uexp" 847
"../../../Engine/Content/EngineMaterials/Black_1x1_EXR_Texture_VT.ubulk" 848
"../../../Engine/Content/EngineMaterials/Black_1x1_EXR_Texture_VT.uasset" 849
"../../../Engine/Content/EngineMaterials/Black_1x1_EXR_Texture_VT.uexp" 850
"../../../Engine/Content/EngineMaterials/FlattenMaterial_VT.uasset" 851
"../../../Engine/Content/EngineMaterials/FlattenMaterial_VT.uexp" 852
"../../../Engine/Content/EngineMaterials/FlattenMaterial_WS_Normal_VT.uasset" 853
"../../../Engine/Content/EngineMaterials/FlattenMaterial_WS_Normal_VT.uexp" 854
"../../../Engine/Content/EngineMaterials/GizmoMaterial.uasset" 855
"../../../Engine/Content/EngineMaterials/GizmoMaterial.uexp" 856
"../../../Engine/Content/EngineMaterials/MiniFont.uasset" 857
"../../../Engine/Content/EngineMaterials/MiniFont.uexp" 858
"../../../Engine/Content/EngineMaterials/InvalidLightmapSettings.ubulk" 859
"../../../Engine/Content/EngineMaterials/InvalidLightmapSettings.uasset" 860
"../../../Engine/Content/EngineMaterials/InvalidLightmapSettings.uexp" 861
"../../../Engine/Content/EngineMaterials/M_InvalidLightmapSettings.uasset" 862
"../../../Engine/Content/EngineMaterials/M_InvalidLightmapSettings.uexp" 863
"../../../Engine/Content/EngineMaterials/NaniteHiddenSectionMaterial.uasset" 864
"../../../Engine/Content/EngineMaterials/NaniteHiddenSectionMaterial.uexp" 865
"../../../Engine/Content/EngineMaterials/PhAT_JointLimitMaterial.uasset" 866
"../../../Engine/Content/EngineMaterials/PhAT_JointLimitMaterial.uexp" 867
"../../../Engine/Content/EngineMaterials/DefaultCalibrationColor.uasset" 868
"../../../Engine/Content/EngineMaterials/DefaultCalibrationColor.uexp" 869
"../../../Engine/Content/EngineMaterials/PPM_DefaultCalibrationColor.uasset" 870
"../../../Engine/Content/EngineMaterials/PPM_DefaultCalibrationColor.uexp" 871
"../../../Engine/Content/EngineMaterials/DefaultCalibrationGrayscale.uasset" 872
"../../../Engine/Content/EngineMaterials/DefaultCalibrationGrayscale.uexp" 873
"../../../Engine/Content/EngineMaterials/PPM_DefaultCalibrationGrayscale.uasset" 874
"../../../Engine/Content/EngineMaterials/PPM_DefaultCalibrationGrayscale.uexp" 875
"../../../Engine/Content/EngineMaterials/PreintegratedSkinBRDF.uasset" 876
"../../../Engine/Content/EngineMaterials/PreintegratedSkinBRDF.uexp" 877
"../../../Engine/Content/EngineMaterials/RemoveSurfaceMaterial.uasset" 878
"../../../Engine/Content/EngineMaterials/RemoveSurfaceMaterial.uexp" 879
"../../../Engine/Content/EngineMaterials/SMAAAreaTex.uasset" 880
"../../../Engine/Content/EngineMaterials/SMAAAreaTex.uexp" 881
"../../../Engine/Content/EngineMaterials/SMAASearchTex.uasset" 882
"../../../Engine/Content/EngineMaterials/SMAASearchTex.uexp" 883
"../../../Engine/Content/EngineMaterials/WeightMapPlaceholderTexture.uasset" 884
"../../../Engine/Content/EngineMaterials/WeightMapPlaceholderTexture.uexp" 885
"../../../Engine/Content/EngineMaterials/WeightMapArrayPlaceholderTexture.uasset" 886
"../../../Engine/Content/EngineMaterials/WeightMapArrayPlaceholderTexture.uexp" 887
"../../../Engine/Content/EngineMaterials/Widget3DPassThrough_Masked.uasset" 888
"../../../Engine/Content/EngineMaterials/Widget3DPassThrough_Masked.uexp" 889
"../../../Engine/Content/EngineMaterials/Widget3DPassThrough_Masked_OneSided.uasset" 890
"../../../Engine/Content/EngineMaterials/Widget3DPassThrough_Masked_OneSided.uexp" 891
"../../../Engine/Content/EngineMaterials/Substrate/Volume/SubstrateSimpleVolumeLUT3D.uasset" 892
"../../../Engine/Content/EngineMaterials/Substrate/Volume/SubstrateSimpleVolumeLUT3D.uexp" 893
"../../../Engine/Content/EngineMaterials/Substrate/Volume/SubstrateSimpleVolumeEnvLUT3D.uasset" 894
"../../../Engine/Content/EngineMaterials/Substrate/Volume/SubstrateSimpleVolumeEnvLUT3D.uexp" 895
"../../../Engine/Content/EngineMaterials/Substrate/Glints2/AGlintTex2dArray2.uasset" 896
"../../../Engine/Content/EngineMaterials/Substrate/Glints2/AGlintTex2dArray2.uexp" 897
"../../../Engine/Content/EngineMaterials/Substrate/GLints/AGlintTex2dArray.uasset" 898
"../../../Engine/Content/EngineMaterials/Substrate/GLints/AGlintTex2dArray.uexp" 899
"../../../Engine/Content/ArtTools/RenderToTexture/Meshes/S_1_Unit_Plane.ubulk" 900
"../../../Engine/Content/ArtTools/RenderToTexture/Meshes/S_1_Unit_Plane.uasset" 901
"../../../Engine/Content/ArtTools/RenderToTexture/Meshes/S_1_Unit_Plane.uexp" 902
"../../../Engine/Plugins/Interchange/Assets/Content/Functions/MX_AbsorptionVDF.uasset" 903
"../../../Engine/Plugins/Interchange/Assets/Content/Functions/MX_AbsorptionVDF.uexp" 904
"../../../Engine/Plugins/Interchange/Assets/Content/Functions/MX_AnisotropicVDF.uasset" 905
"../../../Engine/Plugins/Interchange/Assets/Content/Functions/MX_AnisotropicVDF.uexp" 906
"../../../Engine/Plugins/Interchange/Assets/Content/Functions/MX_BurleyDiffuseBSDF.uasset" 907
"../../../Engine/Plugins/Interchange/Assets/Content/Functions/MX_BurleyDiffuseBSDF.uexp" 908
"../../../Engine/Plugins/Interchange/Assets/Content/Functions/MX_ChiangHairBSDF.uasset" 909
"../../../Engine/Plugins/Interchange/Assets/Content/Functions/MX_ChiangHairBSDF.uexp" 910
"../../../Engine/Plugins/Interchange/Assets/Content/Functions/MX_ConductorBSDF.uasset" 911
"../../../Engine/Plugins/Interchange/Assets/Content/Functions/MX_ConductorBSDF.uexp" 912
"../../../Engine/Plugins/Interchange/Assets/Content/Functions/MX_ConicalEDF.uasset" 913
"../../../Engine/Plugins/Interchange/Assets/Content/Functions/MX_ConicalEDF.uexp" 914
"../../../Engine/Plugins/Interchange/Assets/Content/Functions/MX_DielectricBSDF.uasset" 915
"../../../Engine/Plugins/Interchange/Assets/Content/Functions/MX_DielectricBSDF.uexp" 916
"../../../Engine/Plugins/Interchange/Assets/Content/Functions/MX_Displacement.uasset" 917
"../../../Engine/Plugins/Interchange/Assets/Content/Functions/MX_Displacement.uexp" 918
"../../../Engine/Plugins/Interchange/Assets/Content/Functions/MX_GeneralizedSchlickBSDF.uasset" 919
"../../../Engine/Plugins/Interchange/Assets/Content/Functions/MX_GeneralizedSchlickBSDF.uexp" 920
"../../../Engine/Plugins/Interchange/Assets/Content/Functions/MX_MeasuredEDF.uasset" 921
"../../../Engine/Plugins/Interchange/Assets/Content/Functions/MX_MeasuredEDF.uexp" 922
"../../../Engine/Plugins/Interchange/Assets/Content/Functions/MX_StandardSurface.uasset" 923
"../../../Engine/Plugins/Interchange/Assets/Content/Functions/MX_StandardSurface.uexp" 924
"../../../Engine/Plugins/Interchange/Assets/Content/Functions/MX_OpenPBR_Opaque.uasset" 925
"../../../Engine/Plugins/Interchange/Assets/Content/Functions/MX_OpenPBR_Opaque.uexp" 926
"../../../Engine/Plugins/Interchange/Assets/Content/Functions/MX_TransmissionSurface.uasset" 927
"../../../Engine/Plugins/Interchange/Assets/Content/Functions/MX_TransmissionSurface.uexp" 928
"../../../Engine/Plugins/Interchange/Assets/Content/Functions/MX_OpenPBR_Translucent.uasset" 929
"../../../Engine/Plugins/Interchange/Assets/Content/Functions/MX_OpenPBR_Translucent.uexp" 930
"../../../Engine/Plugins/Interchange/Assets/Content/Functions/MX_OrenNayarBSDF.uasset" 931
"../../../Engine/Plugins/Interchange/Assets/Content/Functions/MX_OrenNayarBSDF.uexp" 932
"../../../Engine/Plugins/Interchange/Assets/Content/Functions/MX_SheenBSDF.uasset" 933
"../../../Engine/Plugins/Interchange/Assets/Content/Functions/MX_SheenBSDF.uexp" 934
"../../../Engine/Plugins/Interchange/Assets/Content/Functions/MX_SubsurfaceBSDF.uasset" 935
"../../../Engine/Plugins/Interchange/Assets/Content/Functions/MX_SubsurfaceBSDF.uexp" 936
"../../../Engine/Plugins/Interchange/Assets/Content/Functions/MX_Surface.uasset" 937
"../../../Engine/Plugins/Interchange/Assets/Content/Functions/MX_Surface.uexp" 938
"../../../Engine/Plugins/Interchange/Assets/Content/Functions/MX_SurfaceUnlit.uasset" 939
"../../../Engine/Plugins/Interchange/Assets/Content/Functions/MX_SurfaceUnlit.uexp" 940
"../../../Engine/Plugins/Interchange/Assets/Content/Functions/MX_TranslucentBSDF.uasset" 941
"../../../Engine/Plugins/Interchange/Assets/Content/Functions/MX_TranslucentBSDF.uexp" 942
"../../../Engine/Plugins/Interchange/Assets/Content/Functions/MX_UniformEDF.uasset" 943
"../../../Engine/Plugins/Interchange/Assets/Content/Functions/MX_UniformEDF.uexp" 944
"../../../Engine/Plugins/Interchange/Assets/Content/Functions/MX_UsdPreviewSurface.uasset" 945
"../../../Engine/Plugins/Interchange/Assets/Content/Functions/MX_UsdPreviewSurface.uexp" 946
"C:/UE Projects/EXTDS/Content/Input/Actions/IA_Jump.uasset" 947
"C:/UE Projects/EXTDS/Content/Input/Actions/IA_Jump.uexp" 948
"C:/UE Projects/EXTDS/Content/Input/Actions/IA_Move.uasset" 949
"C:/UE Projects/EXTDS/Content/Input/Actions/IA_Move.uexp" 950
"C:/UE Projects/EXTDS/Content/Input/Actions/IA_TurnCameraLeft.uasset" 951
"C:/UE Projects/EXTDS/Content/Input/Actions/IA_TurnCameraLeft.uexp" 952
"C:/UE Projects/EXTDS/Content/Input/Actions/IA_TurnCameraRight.uasset" 953
"C:/UE Projects/EXTDS/Content/Input/Actions/IA_TurnCameraRight.uexp" 954
"C:/UE Projects/EXTDS/Content/Input/Actions/IA_ActivatePauseMenu.uasset" 955
"C:/UE Projects/EXTDS/Content/Input/Actions/IA_ActivatePauseMenu.uexp" 956
"C:/UE Projects/EXTDS/Content/Input/Actions/IA_Crouch.uasset" 957
"C:/UE Projects/EXTDS/Content/Input/Actions/IA_Crouch.uexp" 958
"C:/UE Projects/EXTDS/Content/Input/Actions/IA_Run.uasset" 959
"C:/UE Projects/EXTDS/Content/Input/Actions/IA_Run.uexp" 960
"C:/UE Projects/EXTDS/Content/Input/Actions/IA_Fire.uasset" 961
"C:/UE Projects/EXTDS/Content/Input/Actions/IA_Fire.uexp" 962
"C:/UE Projects/EXTDS/Content/Input/Actions/IA_Reload.uasset" 963
"C:/UE Projects/EXTDS/Content/Input/Actions/IA_Reload.uexp" 964
"C:/UE Projects/EXTDS/Content/Input/Actions/IA_MouseLook.uasset" 965
"C:/UE Projects/EXTDS/Content/Input/Actions/IA_MouseLook.uexp" 966
"C:/UE Projects/EXTDS/Content/Input/Touch/BPI_TouchInterface.uasset" 967
"C:/UE Projects/EXTDS/Content/Input/Touch/BPI_TouchInterface.uexp" 968
"C:/UE Projects/EXTDS/Content/Characters/Mannequins/Meshes/SK_Mannequin.uasset" 969
"C:/UE Projects/EXTDS/Content/Characters/Mannequins/Meshes/SK_Mannequin.uexp" 970
"C:/UE Projects/EXTDS/Content/Characters/Mannequins/Rigs/PA_Mannequin.uasset" 971
"C:/UE Projects/EXTDS/Content/Characters/Mannequins/Rigs/PA_Mannequin.uexp" 972
"C:/UE Projects/EXTDS/Content/Characters/Mannequins/Textures/Manny/T_Manny_01_BN.ubulk" 973
"C:/UE Projects/EXTDS/Content/Characters/Mannequins/Textures/Manny/T_Manny_01_BN.uasset" 974
"C:/UE Projects/EXTDS/Content/Characters/Mannequins/Textures/Manny/T_Manny_01_BN.uexp" 975
"C:/UE Projects/EXTDS/Content/Characters/Mannequins/Textures/Manny/T_Manny_01_D.ubulk" 976
"C:/UE Projects/EXTDS/Content/Characters/Mannequins/Textures/Manny/T_Manny_01_D.uasset" 977
"C:/UE Projects/EXTDS/Content/Characters/Mannequins/Textures/Manny/T_Manny_01_D.uexp" 978
"C:/UE Projects/EXTDS/Content/Characters/Mannequins/Textures/Manny/T_Manny_01_MRA.ubulk" 979
"C:/UE Projects/EXTDS/Content/Characters/Mannequins/Textures/Manny/T_Manny_01_MRA.uasset" 980
"C:/UE Projects/EXTDS/Content/Characters/Mannequins/Textures/Manny/T_Manny_01_MRA.uexp" 981
"C:/UE Projects/EXTDS/Content/Characters/Mannequins/Textures/Shared/T_UE_Logo_M.uasset" 982
"C:/UE Projects/EXTDS/Content/Characters/Mannequins/Textures/Shared/T_UE_Logo_M.uexp" 983
"C:/UE Projects/EXTDS/Content/Characters/Mannequins/Materials/M_Mannequin.uasset" 984
"C:/UE Projects/EXTDS/Content/Characters/Mannequins/Materials/M_Mannequin.uexp" 985
"C:/UE Projects/EXTDS/Content/Characters/Mannequins/Textures/Quinn/T_Quinn_01_D.ubulk" 986
"C:/UE Projects/EXTDS/Content/Characters/Mannequins/Textures/Quinn/T_Quinn_01_D.uasset" 987
"C:/UE Projects/EXTDS/Content/Characters/Mannequins/Textures/Quinn/T_Quinn_01_D.uexp" 988
"C:/UE Projects/EXTDS/Content/Characters/Mannequins/Textures/Quinn/T_Quinn_01_MRA.ubulk" 989
"C:/UE Projects/EXTDS/Content/Characters/Mannequins/Textures/Quinn/T_Quinn_01_MRA.uasset" 990
"C:/UE Projects/EXTDS/Content/Characters/Mannequins/Textures/Quinn/T_Quinn_01_MRA.uexp" 991
"C:/UE Projects/EXTDS/Content/Characters/Mannequins/Textures/Quinn/T_Quinn_01_N.ubulk" 992
"C:/UE Projects/EXTDS/Content/Characters/Mannequins/Textures/Quinn/T_Quinn_01_N.uasset" 993
"C:/UE Projects/EXTDS/Content/Characters/Mannequins/Textures/Quinn/T_Quinn_01_N.uexp" 994
"C:/UE Projects/EXTDS/Content/Characters/Mannequins/Materials/Quinn/MI_Quinn_01.uasset" 995
"C:/UE Projects/EXTDS/Content/Characters/Mannequins/Materials/Quinn/MI_Quinn_01.uexp" 996
"C:/UE Projects/EXTDS/Content/Characters/Mannequins/Textures/Quinn/T_Quinn_02_D.ubulk" 997
"C:/UE Projects/EXTDS/Content/Characters/Mannequins/Textures/Quinn/T_Quinn_02_D.uasset" 998
"C:/UE Projects/EXTDS/Content/Characters/Mannequins/Textures/Quinn/T_Quinn_02_D.uexp" 999
"C:/UE Projects/EXTDS/Content/Characters/Mannequins/Textures/Quinn/T_Quinn_02_MRA.ubulk" 1000
"C:/UE Projects/EXTDS/Content/Characters/Mannequins/Textures/Quinn/T_Quinn_02_MRA.uasset" 1001
"C:/UE Projects/EXTDS/Content/Characters/Mannequins/Textures/Quinn/T_Quinn_02_MRA.uexp" 1002
"C:/UE Projects/EXTDS/Content/Characters/Mannequins/Textures/Quinn/T_Quinn_02_N.ubulk" 1003
"C:/UE Projects/EXTDS/Content/Characters/Mannequins/Textures/Quinn/T_Quinn_02_N.uasset" 1004
"C:/UE Projects/EXTDS/Content/Characters/Mannequins/Textures/Quinn/T_Quinn_02_N.uexp" 1005
"C:/UE Projects/EXTDS/Content/Characters/Mannequins/Materials/Quinn/MI_Quinn_02.uasset" 1006
"C:/UE Projects/EXTDS/Content/Characters/Mannequins/Materials/Quinn/MI_Quinn_02.uexp" 1007
"C:/UE Projects/EXTDS/Content/Characters/Mannequins/Meshes/SKM_Quinn_Simple.uasset" 1008
"C:/UE Projects/EXTDS/Content/Characters/Mannequins/Meshes/SKM_Quinn_Simple.uexp" 1009
"../../../Engine/Plugins/Animation/ControlRig/Content/Controls/DefaultGizmoLibraryNormalized.uasset" 1010
"../../../Engine/Plugins/Animation/ControlRig/Content/Controls/DefaultGizmoLibraryNormalized.uexp" 1011
"C:/UE Projects/EXTDS/Content/Characters/Mannequins/Rigs/CR_Mannequin_FootIK.uasset" 1012
"C:/UE Projects/EXTDS/Content/Characters/Mannequins/Rigs/CR_Mannequin_FootIK.uexp" 1013
"../../../Engine/Content/Animation/DefaultAnimBoneCompressionSettings.uasset" 1014
"../../../Engine/Content/Animation/DefaultAnimBoneCompressionSettings.uexp" 1015
"../../../Engine/Content/Animation/DefaultAnimCurveCompressionSettings.uasset" 1016
"../../../Engine/Content/Animation/DefaultAnimCurveCompressionSettings.uexp" 1017
"../../../Engine/Content/Animation/DefaultVariableFrameStrippingSettings.uasset" 1018
"../../../Engine/Content/Animation/DefaultVariableFrameStrippingSettings.uexp" 1019
"C:/UE Projects/EXTDS/Content/Characters/Mannequins/Anims/Unarmed/MM_Idle.uasset" 1020
"C:/UE Projects/EXTDS/Content/Characters/Mannequins/Anims/Unarmed/MM_Idle.uexp" 1021
"C:/UE Projects/EXTDS/Content/Characters/Mannequins/Anims/Unarmed/Jog/MF_Unarmed_Jog_Bwd.uasset" 1022
"C:/UE Projects/EXTDS/Content/Characters/Mannequins/Anims/Unarmed/Jog/MF_Unarmed_Jog_Bwd.uexp" 1023
"../../../Engine/Plugins/Animation/ACLPlugin/Content/ACLAnimCurveCompressionSettings.uasset" 1024
"../../../Engine/Plugins/Animation/ACLPlugin/Content/ACLAnimCurveCompressionSettings.uexp" 1025
"../../../Engine/Content/Animation/DefaultRecorderBoneCompression.uasset" 1026
"../../../Engine/Content/Animation/DefaultRecorderBoneCompression.uexp" 1027
"C:/UE Projects/EXTDS/Content/Characters/Mannequins/Anims/Unarmed/Jog/MF_Unarmed_Jog_Bwd_Left.uasset" 1028
"C:/UE Projects/EXTDS/Content/Characters/Mannequins/Anims/Unarmed/Jog/MF_Unarmed_Jog_Bwd_Left.uexp" 1029
"C:/UE Projects/EXTDS/Content/Characters/Mannequins/Anims/Unarmed/Jog/MF_Unarmed_Jog_Bwd_Right.uasset" 1030
"C:/UE Projects/EXTDS/Content/Characters/Mannequins/Anims/Unarmed/Jog/MF_Unarmed_Jog_Bwd_Right.uexp" 1031
"C:/UE Projects/EXTDS/Content/Characters/Mannequins/Anims/Unarmed/Jog/MF_Unarmed_Jog_Fwd.uasset" 1032
"C:/UE Projects/EXTDS/Content/Characters/Mannequins/Anims/Unarmed/Jog/MF_Unarmed_Jog_Fwd.uexp" 1033
"C:/UE Projects/EXTDS/Content/Characters/Mannequins/Anims/Unarmed/Jog/MF_Unarmed_Jog_Fwd_Left.uasset" 1034
"C:/UE Projects/EXTDS/Content/Characters/Mannequins/Anims/Unarmed/Jog/MF_Unarmed_Jog_Fwd_Left.uexp" 1035
"C:/UE Projects/EXTDS/Content/Characters/Mannequins/Anims/Unarmed/Jog/MF_Unarmed_Jog_Fwd_Right.uasset" 1036
"C:/UE Projects/EXTDS/Content/Characters/Mannequins/Anims/Unarmed/Jog/MF_Unarmed_Jog_Fwd_Right.uexp" 1037
"C:/UE Projects/EXTDS/Content/Characters/Mannequins/Anims/Unarmed/Jog/MF_Unarmed_Jog_Left.uasset" 1038
"C:/UE Projects/EXTDS/Content/Characters/Mannequins/Anims/Unarmed/Jog/MF_Unarmed_Jog_Left.uexp" 1039
"C:/UE Projects/EXTDS/Content/Characters/Mannequins/Anims/Unarmed/Jog/MF_Unarmed_Jog_Right.uasset" 1040
"C:/UE Projects/EXTDS/Content/Characters/Mannequins/Anims/Unarmed/Jog/MF_Unarmed_Jog_Right.uexp" 1041
"C:/UE Projects/EXTDS/Content/Characters/Mannequins/Anims/Unarmed/Walk/MF_Unarmed_Walk_Bwd.uasset" 1042
"C:/UE Projects/EXTDS/Content/Characters/Mannequins/Anims/Unarmed/Walk/MF_Unarmed_Walk_Bwd.uexp" 1043
"C:/UE Projects/EXTDS/Content/Characters/Mannequins/Anims/Unarmed/Walk/MF_Unarmed_Walk_Bwd_Left.uasset" 1044
"C:/UE Projects/EXTDS/Content/Characters/Mannequins/Anims/Unarmed/Walk/MF_Unarmed_Walk_Bwd_Left.uexp" 1045
"C:/UE Projects/EXTDS/Content/Characters/Mannequins/Anims/Unarmed/Walk/MF_Unarmed_Walk_Bwd_Right.uasset" 1046
"C:/UE Projects/EXTDS/Content/Characters/Mannequins/Anims/Unarmed/Walk/MF_Unarmed_Walk_Bwd_Right.uexp" 1047
"C:/UE Projects/EXTDS/Content/Characters/Mannequins/Anims/Unarmed/Walk/MF_Unarmed_Walk_Fwd.uasset" 1048
"C:/UE Projects/EXTDS/Content/Characters/Mannequins/Anims/Unarmed/Walk/MF_Unarmed_Walk_Fwd.uexp" 1049
"C:/UE Projects/EXTDS/Content/Characters/Mannequins/Anims/Unarmed/Walk/MF_Unarmed_Walk_Fwd_Left.uasset" 1050
"C:/UE Projects/EXTDS/Content/Characters/Mannequins/Anims/Unarmed/Walk/MF_Unarmed_Walk_Fwd_Left.uexp" 1051
"C:/UE Projects/EXTDS/Content/Characters/Mannequins/Anims/Unarmed/Walk/MF_Unarmed_Walk_Fwd_Right.uasset" 1052
"C:/UE Projects/EXTDS/Content/Characters/Mannequins/Anims/Unarmed/Walk/MF_Unarmed_Walk_Fwd_Right.uexp" 1053
"C:/UE Projects/EXTDS/Content/Characters/Mannequins/Anims/Unarmed/Walk/MF_Unarmed_Walk_Left.uasset" 1054
"C:/UE Projects/EXTDS/Content/Characters/Mannequins/Anims/Unarmed/Walk/MF_Unarmed_Walk_Left.uexp" 1055
"C:/UE Projects/EXTDS/Content/Characters/Mannequins/Anims/Unarmed/Walk/MF_Unarmed_Walk_Right.uasset" 1056
"C:/UE Projects/EXTDS/Content/Characters/Mannequins/Anims/Unarmed/Walk/MF_Unarmed_Walk_Right.uexp" 1057
"C:/UE Projects/EXTDS/Content/Characters/Mannequins/Anims/Unarmed/BS_Idle_Walk_Run.uasset" 1058
"C:/UE Projects/EXTDS/Content/Characters/Mannequins/Anims/Unarmed/BS_Idle_Walk_Run.uexp" 1059
"C:/UE Projects/EXTDS/Content/Characters/Mannequins/Anims/Unarmed/Jump/MM_Fall_Loop.uasset" 1060
"C:/UE Projects/EXTDS/Content/Characters/Mannequins/Anims/Unarmed/Jump/MM_Fall_Loop.uexp" 1061
"C:/UE Projects/EXTDS/Content/Characters/Mannequins/Anims/Unarmed/Jump/MM_Jump.uasset" 1062
"C:/UE Projects/EXTDS/Content/Characters/Mannequins/Anims/Unarmed/Jump/MM_Jump.uexp" 1063
"C:/UE Projects/EXTDS/Content/Characters/Mannequins/Anims/Unarmed/Jump/MM_Land.uasset" 1064
"C:/UE Projects/EXTDS/Content/Characters/Mannequins/Anims/Unarmed/Jump/MM_Land.uexp" 1065
"C:/UE Projects/EXTDS/Content/Characters/Mannequins/Anims/Unarmed/ABP_Unarmed.uasset" 1066
"C:/UE Projects/EXTDS/Content/Characters/Mannequins/Anims/Unarmed/ABP_Unarmed.uexp" 1067
"C:/UE Projects/EXTDS/Content/Characters/Mannequins/Materials/Manny/MI_Manny_01_New.uasset" 1068
"C:/UE Projects/EXTDS/Content/Characters/Mannequins/Materials/Manny/MI_Manny_01_New.uexp" 1069
"C:/UE Projects/EXTDS/Content/Characters/Mannequins/Textures/Manny/T_Manny_02_BN.ubulk" 1070
"C:/UE Projects/EXTDS/Content/Characters/Mannequins/Textures/Manny/T_Manny_02_BN.uasset" 1071
"C:/UE Projects/EXTDS/Content/Characters/Mannequins/Textures/Manny/T_Manny_02_BN.uexp" 1072
"C:/UE Projects/EXTDS/Content/Characters/Mannequins/Textures/Manny/T_Manny_02_D.ubulk" 1073
"C:/UE Projects/EXTDS/Content/Characters/Mannequins/Textures/Manny/T_Manny_02_D.uasset" 1074
"C:/UE Projects/EXTDS/Content/Characters/Mannequins/Textures/Manny/T_Manny_02_D.uexp" 1075
"C:/UE Projects/EXTDS/Content/Characters/Mannequins/Textures/Manny/T_Manny_02_MRA.ubulk" 1076
"C:/UE Projects/EXTDS/Content/Characters/Mannequins/Textures/Manny/T_Manny_02_MRA.uasset" 1077
"C:/UE Projects/EXTDS/Content/Characters/Mannequins/Textures/Manny/T_Manny_02_MRA.uexp" 1078
"C:/UE Projects/EXTDS/Content/Characters/Mannequins/Materials/Manny/MI_Manny_02_New.uasset" 1079
"C:/UE Projects/EXTDS/Content/Characters/Mannequins/Materials/Manny/MI_Manny_02_New.uexp" 1080
"C:/UE Projects/EXTDS/Content/Characters/Mannequins/Meshes/SKM_Manny_Simple.uasset" 1081
"C:/UE Projects/EXTDS/Content/Characters/Mannequins/Meshes/SKM_Manny_Simple.uexp" 1082
"C:/UE Projects/EXTDS/Content/TheLastDeal/Blueprints/AI/ST_Tasks/STT_Chase.uasset" 1083
"C:/UE Projects/EXTDS/Content/TheLastDeal/Blueprints/AI/ST_Tasks/STT_Chase.uexp" 1084
"C:/UE Projects/EXTDS/Content/TheLastDeal/Blueprints/AI/ST_Tasks/STT_RandomPoint.uasset" 1085
"C:/UE Projects/EXTDS/Content/TheLastDeal/Blueprints/AI/ST_Tasks/STT_RandomPoint.uexp" 1086
"C:/UE Projects/EXTDS/Content/TheLastDeal/Blueprints/AI/ST_Tasks/STT_Attack.uasset" 1087
"C:/UE Projects/EXTDS/Content/TheLastDeal/Blueprints/AI/ST_Tasks/STT_Attack.uexp" 1088
"C:/UE Projects/EXTDS/Content/TheLastDeal/Blueprints/AI/ST_Enemy.uasset" 1089
"C:/UE Projects/EXTDS/Content/TheLastDeal/Blueprints/AI/ST_Enemy.uexp" 1090
"C:/UE Projects/EXTDS/Content/TheLastDeal/Blueprints/AI/CrowdAI_Controller.uasset" 1091
"C:/UE Projects/EXTDS/Content/TheLastDeal/Blueprints/AI/CrowdAI_Controller.uexp" 1092
"C:/UE Projects/EXTDS/Content/TheLastDeal/Blueprints/AI/BP_Enemy.uasset" 1093
"C:/UE Projects/EXTDS/Content/TheLastDeal/Blueprints/AI/BP_Enemy.uexp" 1094
"C:/UE Projects/EXTDS/Content/TheLastDeal/ImportLibrary/Widgets/image.uasset" 1095
"C:/UE Projects/EXTDS/Content/TheLastDeal/ImportLibrary/Widgets/image.uexp" 1096
"C:/UE Projects/EXTDS/Content/TheLastDeal/Blueprints/UI/MainCharacter/WBP_PauseMenu.uasset" 1097
"C:/UE Projects/EXTDS/Content/TheLastDeal/Blueprints/UI/MainCharacter/WBP_PauseMenu.uexp" 1098
"C:/UE Projects/EXTDS/Content/TheLastDeal/Blueprints/UI/MainCharacter/BP_MainCharacterHUD.uasset" 1099
"C:/UE Projects/EXTDS/Content/TheLastDeal/Blueprints/UI/MainCharacter/BP_MainCharacterHUD.uexp" 1100
"C:/UE Projects/EXTDS/Content/ThirdPerson/Blueprints/BP_ThirdPersonCharacter.uasset" 1101
"C:/UE Projects/EXTDS/Content/ThirdPerson/Blueprints/BP_ThirdPersonCharacter.uexp" 1102
"C:/UE Projects/EXTDS/Content/Input/Actions/IA_Look.uasset" 1103
"C:/UE Projects/EXTDS/Content/Input/Actions/IA_Look.uexp" 1104
"C:/UE Projects/EXTDS/Content/Input/IMC_Default.uasset" 1105
"C:/UE Projects/EXTDS/Content/Input/IMC_Default.uexp" 1106
"C:/UE Projects/EXTDS/Content/Input/IMC_MouseLook.uasset" 1107
"C:/UE Projects/EXTDS/Content/Input/IMC_MouseLook.uexp" 1108
"../../../Engine/Content/MobileResources/HUD/VirtualJoystick_Thumb.uasset" 1109
"../../../Engine/Content/MobileResources/HUD/VirtualJoystick_Thumb.uexp" 1110
"../../../Engine/Content/MobileResources/HUD/VirtualJoystick_Background.uasset" 1111
"../../../Engine/Content/MobileResources/HUD/VirtualJoystick_Background.uexp" 1112
"C:/UE Projects/EXTDS/Content/Input/Touch/UI_Thumbstick.uasset" 1113
"C:/UE Projects/EXTDS/Content/Input/Touch/UI_Thumbstick.uexp" 1114
"C:/UE Projects/EXTDS/Content/Input/Touch/UI_TouchSimple.uasset" 1115
"C:/UE Projects/EXTDS/Content/Input/Touch/UI_TouchSimple.uexp" 1116
"C:/UE Projects/EXTDS/Content/ThirdPerson/Blueprints/BP_ThirdPersonPlayerController.uasset" 1117
"C:/UE Projects/EXTDS/Content/ThirdPerson/Blueprints/BP_ThirdPersonPlayerController.uexp" 1118
"C:/UE Projects/EXTDS/Content/ThirdPerson/Blueprints/BP_ThirdPersonGameMode.uasset" 1119
"C:/UE Projects/EXTDS/Content/ThirdPerson/Blueprints/BP_ThirdPersonGameMode.uexp" 1120
"../../../Engine/Content/Maps/Entry_BuiltData.uasset" 1121
"../../../Engine/Content/Maps/Entry_BuiltData.uexp" 1122
"../../../Engine/Content/Maps/Entry.uexp" 1123
"../../../Engine/Content/Maps/Entry.umap" 1124
"../../../Engine/Content/Functions/Engine_MaterialFunctions02/Utility/BreakOutFloat4Components.uasset" 1125
"../../../Engine/Content/Functions/Engine_MaterialFunctions02/Utility/BreakOutFloat4Components.uexp" 1126
"../../../Engine/Content/Functions/Engine_MaterialFunctions02/Utility/MakeFloat4.uasset" 1127
"../../../Engine/Content/Functions/Engine_MaterialFunctions02/Utility/MakeFloat4.uexp" 1128
"../../../Engine/Content/EngineResources/DefaultVolumeTexture2D.uasset" 1129
"../../../Engine/Content/EngineResources/DefaultVolumeTexture2D.uexp" 1130
"../../../Engine/Content/EngineResources/DefaultVolumeTexture.uasset" 1131
"../../../Engine/Content/EngineResources/DefaultVolumeTexture.uexp" 1132
"../../../Engine/Content/EngineSky/VolumetricClouds/VT_Lightning.uasset" 1133
"../../../Engine/Content/EngineSky/VolumetricClouds/VT_Lightning.uexp" 1134
"../../../Engine/Content/Functions/Engine_MaterialFunctions01/Units/Km-to-Cm.uasset" 1135
"../../../Engine/Content/Functions/Engine_MaterialFunctions01/Units/Km-to-Cm.uexp" 1136
"../../../Engine/Content/EngineSky/VolumetricClouds/m_SimpleVolumetricCloud.uasset" 1137
"../../../Engine/Content/EngineSky/VolumetricClouds/m_SimpleVolumetricCloud.uexp" 1138
"../../../Engine/Content/EngineSky/VolumetricClouds/T_CloudMask.ubulk" 1139
"../../../Engine/Content/EngineSky/VolumetricClouds/T_CloudMask.uasset" 1140
"../../../Engine/Content/EngineSky/VolumetricClouds/T_CloudMask.uexp" 1141
"../../../Engine/Content/EngineSky/VolumetricClouds/T_CloudPattern.ubulk" 1142
"../../../Engine/Content/EngineSky/VolumetricClouds/T_CloudPattern.uasset" 1143
"../../../Engine/Content/EngineSky/VolumetricClouds/T_CloudPattern.uexp" 1144
"../../../Engine/Content/EngineSky/VolumetricClouds/T_Profile_08.ubulk" 1145
"../../../Engine/Content/EngineSky/VolumetricClouds/T_Profile_08.uasset" 1146
"../../../Engine/Content/EngineSky/VolumetricClouds/T_Profile_08.uexp" 1147
"../../../Engine/Content/EngineSky/VolumetricClouds/VT_PerlinWorley_Balanced.uasset" 1148
"../../../Engine/Content/EngineSky/VolumetricClouds/VT_PerlinWorley_Balanced.uexp" 1149
"../../../Engine/Content/EngineSky/VolumetricClouds/m_SimpleVolumetricCloud_Inst.uasset" 1150
"../../../Engine/Content/EngineSky/VolumetricClouds/m_SimpleVolumetricCloud_Inst.uexp" 1151
"C:/UE Projects/EXTDS/Content/TheLastDeal/ImportLibrary/MainMenu/MainMenuBackground.uasset" 1152
"C:/UE Projects/EXTDS/Content/TheLastDeal/ImportLibrary/MainMenu/MainMenuBackground.uexp" 1153
"C:/UE Projects/EXTDS/Content/TheLastDeal/Blueprints/UI/MainMenu/WBP_Settings.uasset" 1154
"C:/UE Projects/EXTDS/Content/TheLastDeal/Blueprints/UI/MainMenu/WBP_Settings.uexp" 1155
"C:/UE Projects/EXTDS/Content/TheLastDeal/Blueprints/UI/MainMenu/WBP_MainMenu.uasset" 1156
"C:/UE Projects/EXTDS/Content/TheLastDeal/Blueprints/UI/MainMenu/WBP_MainMenu.uexp" 1157
"C:/UE Projects/EXTDS/Content/TheLastDeal/Blueprints/UI/MainMenu/BP_MainMenuHUD.uasset" 1158
"C:/UE Projects/EXTDS/Content/TheLastDeal/Blueprints/UI/MainMenu/BP_MainMenuHUD.uexp" 1159
"C:/UE Projects/EXTDS/Content/TheLastDeal/Blueprints/GM/GM_MainMenu.uasset" 1160
"C:/UE Projects/EXTDS/Content/TheLastDeal/Blueprints/GM/GM_MainMenu.uexp" 1161
"C:/UE Projects/EXTDS/Content/TheLastDeal/Levels/Lvl_MainShelter.uexp" 1162
"C:/UE Projects/EXTDS/Content/TheLastDeal/Levels/Lvl_MainShelter.umap" 1163
"../../../Engine/Content/BasicShapes/Cube.ubulk" 1164
"../../../Engine/Content/BasicShapes/Cube.uasset" 1165
"../../../Engine/Content/BasicShapes/Cube.uexp" 1166
"../../../Engine/Content/BasicShapes/BasicShapeMaterial.uasset" 1167
"../../../Engine/Content/BasicShapes/BasicShapeMaterial.uexp" 1168
"C:/UE Projects/EXTDS/Content/TheLastDeal/Blueprints/UI/MainCharacter/WBP_ExitTimer.uasset" 1169
"C:/UE Projects/EXTDS/Content/TheLastDeal/Blueprints/UI/MainCharacter/WBP_ExitTimer.uexp" 1170
"C:/UE Projects/EXTDS/Content/TheLastDeal/Blueprints/Actors/BP_Exit.uasset" 1171
"C:/UE Projects/EXTDS/Content/TheLastDeal/Blueprints/Actors/BP_Exit.uexp" 1172
"C:/UE Projects/EXTDS/Content/TheLastDeal/ImportLibrary/Locaition/loc__2_.ubulk" 1173
"C:/UE Projects/EXTDS/Content/TheLastDeal/ImportLibrary/Locaition/loc__2_.uasset" 1174
"C:/UE Projects/EXTDS/Content/TheLastDeal/ImportLibrary/Locaition/loc__2_.uexp" 1175
"C:/UE Projects/EXTDS/Content/TheLastDeal/ImportLibrary/Locaition/M_LocBase.uasset" 1176
"C:/UE Projects/EXTDS/Content/TheLastDeal/ImportLibrary/Locaition/M_LocBase.uexp" 1177
"C:/UE Projects/EXTDS/Content/TheLastDeal/Levels/Lvl_MainLevel.uexp" 1178
"C:/UE Projects/EXTDS/Content/TheLastDeal/Levels/Lvl_MainLevel.umap" 1179
